0,1,2,3,4,5,6,7,8,9,SourceFile,TableIndex,10,11,12
ANCIPA,TROINA,"30,40","7,04","9,17","-2,13","4,67",IRR. - POT. - ELETTR.,E.N.E.L.,,inv_2013-10.pdf,0,,,
ANCIPA,TROINA,"30,40","23,42","25,60","-2,18","23,36",IRR. - POT. - ELETTR.,E.N.E.L.,,inv_2013-06.pdf,0,,,
ANCIPA,TROINA,"30,40","25,60","24,61","0,99","23,76",IRR. - POT. - ELETTR.,E.N.E.L.,,inv_2013-05.pdf,0,,,
ANCIPA,TROINA,"30,40","5,83","0,20","5,63","6,86",IRR. - POT. - ELETTR,. E.N.E.L.,,inv_2013-01.pdf,0,,,
ANCIPA,TROINA,"30,40","24,61","23,85","0,76","23,04",IRR. - POT. - ELETTR.,E.N.E.L.,,inv_2013-04.pdf,0,,,
ANCIPA,TROINA,"30,40","9,17","11,45","-2,28","6,89",IRR. - POT. - ELETTR.,E.N.E.L.,,inv_2013-09.pdf,0,,,
ANCIPA,TROINA,"30,40","5,14","7,04","-1,90","1,16",IRR. - POT. - ELETTR.,E.N.E.L.,,inv_2013-11.pdf,0,,,
ANCIPA,TROINA,"30,40","3,59","5,14","-1,55","0,20",IRR. - POT. - ELETTR.,E.N.E.L.,,inv_2013-12.pdf,0,,,
ANCIPA,TROINA,"30,40","18,94","23,42","-4,48","16,65",IRR. - POT. - ELETTR.,E.N.E.L.,,inv_2013-07.pdf,0,,,
ANCIPA,TROINA,"30,40","16,03","5,83","10,20","12,33",IRR. - POT. - ELETTR.,E.N.E.L.,,inv_2013-02.pdf,0,,,
ANCIPA,TROINA,"30,40","23,85","16,03","7,82","21,08",IRR. - POT. - ELETTR.,E.N.E.L.,,inv_2013-03.pdf,0,,,
ANCIPA,TROINA,"30,40","11,45","18,94","-7,49","9,45",IRR. - POT. - ELETTR.,E.N.E.L.,,inv_2013-08.pdf,0,,,
ANCIPA,TROINA,"30,40","12,33","6,86","5,47","3,45",IRR. - POT. - ELETTR,. E.N.E.L.,,inv_2012-02.pdf,0,,,
ANCIPA,TROINA,"30,40","21,08","12,33","8,75","15,78",IRR. - POT. - ELETTR,E.N.E.L.,,inv_2012-03.pdf,0,,,
ANCIPA,TROINA,"30,40","6,86","6,80","0,06","3,31",IRR. - POT. - ELETTR,. E.N.E.L.,,inv_2012-01.pdf,0,,,
ANCIPA,TROINA,"30,40","23,36","23,76","-0,40","18,54",IRR. - POT. - ELETTR,E.N.E.L.,,inv_2012-06.pdf,0,,,
ANCIPA,TROINA,"30,40","1,16","4,67","-3,51","8,45",IRR. - POT. - ELETTR,E.N.E.L.,,inv_2012-11.pdf,0,,,
ANCIPA,TROINA,"30,40","9,45","16,65","-7,20","14,70",IRR. - POT. - ELETTR,E.N.E.L.,,inv_2012-08.pdf,0,,,
ANCIPA,TROINA,"30,40","23,76","23,04","0,72","17,85",IRR. - POT. - ELETTR,E.N.E.L.,,inv_2012-05.pdf,0,,,
ANCIPA,TROINA,"30,40","23,04","21,08","1,96","15,39",IRR. - POT. - ELETTR.,E.N.E.L.,,inv_2012-04.pdf,0,,,
ANCIPA,TROINA,"30,40","6,89","9,45","-2,56","12,35",IRR. - POT. - ELETTR,E.N.E.L.,,inv_2012-09.pdf,0,,,
ANCIPA,TROINA,"30,40","0,20","1,16","-0,96","6,80",IRR. - POT. - ELETTR,. E.N.E.L.,,inv_2012-12.pdf,0,,,
ANCIPA,TROINA,"30,40","4,67","6,89","-2,22","10,19",IRR. - POT. - ELETTR,E.N.E.L.,,inv_2012-10.pdf,0,,,
ANCIPA,TROINA,"30,40","16,65","23,36","-6,71","17,00",IRR. - POT. - ELETTR.,E.N.E.L.,,inv_2012-07.pdf,0,,,
ANCIPA,TROINA,"30,40","5,92","6,44","-0,52","15,71",IRR. - POT. - ELETTR.,E.N.E.L.,,inv_2021-01.pdf,0,,,
ANCIPA,TROINA,"30,40","14,19","16,61","-2,42","12,26",IRR. - POT. - ELETTR.,E.N.E.L.,,Prospetto%20Volumi%20invasati%20settembre.pdf,0,,,
ANCIPA,TROINA,"30,40","21,93","19,31","2,62","22,01",IRR. - POT. - ELETTR.,E.N.E.L.,,inv_2021-05%20(1).pdf,0,,,
ANCIPA,TROINA,"30,40","18,98","20,95","-1,97","18,83",IRR. - POT. - ELETTR.,E.N.E.L.,,inv_2021-07.pdf,0,,,
ANCIPA,TROINA,"30,40","20,95","21,93","-0,98","20,55",IRR. - POT. - ELETTR.,E.N.E.L.,,Prospetto%20volumi%20invasati%20Giugno%202021_0.pdf,0,,,
ANCIPA,TROINA,"30,40","12,29","7,90","4,39","15,67",IRR. - POT. - ELETTR.,E.N.E.L.,,Gmail%20-%20I-%20Volumi%20invaso%201%20marzo%202021.pdf,0,,,
ANCIPA,TROINA,"30,40","16,61","18,98","-2,37","15,86",IRR. - POT. - ELETTR.,E.N.E.L.,,2_inv_2021-08.pdf,0,,,
ANCIPA,TROINA,"30,40","10,99","12,03","-1,04","8,18",IRR. - POT. - ELETTR.,E.N.E.L.,,inv_2020-11.pdf,0,,,
ANCIPA,TROINA,"30,40","7,90","5,92","1,98","15,73",IRR. - POT. - ELETTR.,E.N.E.L.,,inv_2021-02.pdf,0,,,
ANCIPA,TROINA,"30,40","19,31","12,29","7,02","20,81",IRR. - POT. - ELETTR.,E.N.E.L.,,inv_2021-04.pdf,0,,,
ANCIPA,TROINA,"30,40","12,03","14,19","-2,16","10,26",IRR. - POT. - ELETTR.,E.N.E.L.,,inv_2021-10.pdf,0,,,
ANCIPA,TROINA,"30,40","16,69","13,40","3,29","25,50",IRR. - POT. - ELETTR.,E.N.E.L.,,2023.04.01_A_Tabella_volumi_invasi.pdf,0,,,
ANCIPA,TROINA,"30,40","26,03","26,47","-0,44","21,76",IRR. - POT. - ELETTR.,E.N.E.L.,,2023.07.01_A_Tabella_volumi_invasi.pdf,0,,,
ANCIPA,TROINA,"30,40","18,31","20,49","-2,18","17,34",IRR. - POT. - ELETTR.,E.N.E.L.,,2023.09.01_A_Tabella_volumi_invasi_0.pdf,0,,,
ANCIPA,TROINA,"30,40","13,86","16,13","-2,27","11,82",IRR. - POT. - ELETTR.,E.N.E.L.,,2023.11.01_A_Tabella_volumi_invasi.pdf,0,,,
ANCIPA,TROINA,"30,40","16,13","18,31","-2,18","13,80",IRR. - POT. - ELETTR.,E.N.E.L.,,2023.10.01_A_Tabella_volumi_invasi.pdf,0,,,
ANCIPA,TROINA,"30,40","11,28","10,96","0,32","22,68",IRR. - POT. - ELETTR.,E.N.E.L.,,Prospetto%20volumi%20invasi%20Gennaio%202023.pdf,0,,,
ANCIPA,TROINA,"30,40","13,40","12,52","0,88","22,01",IRR. - POT. - ELETTR.,E.N.E.L.,,2023.03.01_A_Tabella_volumi_invasi.pdf,0,,,
ANCIPA,TROINA,"30,40","25,45","16,69","8,76","23,06",IRR. - POT. - ELETTR.,E.N.E.L.,,2023.05.01_A_Tabella_volumi_invasi.pdf,0,,,
ANCIPA,TROINA,"30,40","12,52","11,28","1,24","22,88",IRR. - POT. - ELETTR.,E.N.E.L.,,Prospetto%20volumi%20invasi%20Febbraio%202023.pdf.pdf,0,,,
ANCIPA,TROINA,"30,40","20,49","26,03","-5,54","19,50",IRR. - POT. - ELETTR.,E.N.E.L.,,PROSPETTO%20VOLUMI%20INVASATI%20NELLE%20DIGHE%20AGOSTO%202023.pdf,0,,,
ANCIPA,TROINA,30.40,26.47,25.45,1.02,23.36,IRR. - POT. - ELETTR.,E.N.E.L.,,2023.06.01_A_Tabella_volumi_invasi.pdf,0,,,
ANCIPA,TROINA,"30,40","11,86","13,86","-2,00","10,96",IRR. - POT. - ELETTR.,E.N.E.L.,,2023.12.01_A_Tabella_volumi_invasi.pdf,0,,,
ANCIPA,TROINA,"30,40","7,79","9,91","-2,12","7,04",IRR. - POT. - ELETTR.,E.N.E.L.,,inv_2014-10.pdf,0,,,
ANCIPA,TROINA,"30,40","8,61","7,39","1,22","16,03",IRR. - POT. - ELETTR.,E.N.E.L.,,inv_2014-02.pdf,0,,,
ANCIPA,TROINA,"30,40","26,68","22,25","4,43","25,60",IRR. - POT. - ELETTR.,E.N.E.L.,,inv_2014-05.pdf,0,,,
ANCIPA,TROINA,"30,40","5,95","7,79","-1,84","5,14",IRR. - POT. - ELETTR.,E.N.E.L.,,inv_2014-11.pdf,0,,,
ANCIPA,TROINA,"30,40","22,25","13,71","8,54","24,61",IRR. - POT. - ELETTR.,E.N.E.L.,,inv_2014-04.pdf,0,,,
ANCIPA,TROINA,"30,40","7,39","3,59","3,80","0,20",IRR. - POT. - ELETTR.,E.N.E.L.,,inv_2014-01.pdf,0,,,
ANCIPA,TROINA,"30,40","26,01","26,68","-0,67","23,42",IRR. - POT. - ELETTR.,E.N.E.L.,,inv_2014-06.pdf,0,,,
ANCIPA,TROINA,"30,40","9,91","14,24","-4,33","9,17",IRR. - POT. - ELETTR.,E.N.E.L.,,inv_2014-09.pdf,0,,,
ANCIPA,TROINA,"30,40","14,24","22,91","-8,67","11,45",IRR. - POT. - ELETTR.,E.N.E.L.,,inv_2014-08.pdf,0,,,
ANCIPA,TROINA,"30,40","13,71","8,61","5,10","23,85",IRR. - POT. - ELETTR.,E.N.E.L.,,inv_2014-03.pdf,0,,,
ANCIPA,TROINA,"30,40","6,21","5,95","0,26","3,59",IRR. - POT. - ELETTR.,E.N.E.L.,,inv_2014-12.pdf,0,,,
ANCIPA,TROINA,"30,40","22,91","26,01","-3,10","18,94",IRR. - POT. - ELETTR.,E.N.E.L.,,inv_2014-07.pdf,0,,,
ANCIPA,TROINA,"30,40","25,36","25,60","-0,24","20,49",IRR. - POT. - ELETTR.,E.N.E.L.,,inv_2016-06.pdf,0,,,
ANCIPA,TROINA,"30,40","3,53","4,83","-1,30","12,48",IRR. - POT. - ELETTR.,E.N.E.L.,,inv_2016-12.pdf,0,,,
ANCIPA,TROINA,"30,40","8,87","11,23","-2,36","9,18",IRR. - POT. - ELETTR.,E.N.E.L.,,inv_2016-09.pdf,0,,,
ANCIPA,TROINA,"30,40","16,93","17,38","-0,45","26,15",IRR. - POT. - ELETTR.,E.N.E.L.,,inv_2016-03.pdf,0,,,
ANCIPA,TROINA,"30,40","25,49","16,93","8,56","26,41",IRR. - POT. - ELETTR.,E.N.E.L.,,inv_2016-04.pdf,0,,,
ANCIPA,TROINA,"30,40","25,60","25,49","0,11","21,00",IRR. - POT. - ELETTR.,E.N.E.L.,,inv_2016-05.pdf,0,,,
ANCIPA,TROINA,"30,40","4,83","6,79","-1,96","7,74",IRR. - POT. - ELETTR.,E.N.E.L.,,inv_2016-11.pdf,0,,,
ANCIPA,TROINA,"30,40","17,38","13,99","3,39","19,11",IRR. - POT. - ELETTR.,E.N.E.L.,,inv_2016-02.pdf,0,,,
ANCIPA,TROINA,"30,40","6,79","8,87","-2,08","7,41",IRR. - POT. - ELETTR.,E.N.E.L.,,inv_2016-10.pdf,0,,,
ANCIPA,TROINA,"30,40","13,99","12,48","1,51","7,07",IRR. - POT. - ELETTR.,E.N.E.L.,,inv_2016-01.pdf,0,,,
ANCIPA,TROINA,"30,40","11,23","19,40","-8,17","11,43",IRR. - POT. - ELETTR.,E.N.E.L.,,inv_2016-08.pdf,0,,,
ANCIPA,TROINA,"30,40","19,40","25,36","-5,96","13,30",IRR. - POT. - ELETTR.,E.N.E.L.,,inv_2016-07.pdf,0,,,
ANCIPA,TROINA,"30,40","15,71","9,83","5,88","20,16",IRR. - POT. - ELETTR.,E.N.E.L.,,inv_2020-01_0.pdf,0,,,
ANCIPA,TROINA,"30,40","22,01","20,81","1,20","16,46",IRR. - POT. - ELETTR.,E.N.E.L.,,inv_2020-05_0.pdf,0,,,
ANCIPA,TROINA,"30,40","20,55","22,01","-1,46","17,18",IRR. - POT. - ELETTR.,E.N.E.L.,,inv_2020-06_0.pdf,0,,,
ANCIPA,TROINA,"30,40","15,73","15,71","0,02","23,79",IRR. - POT. - ELETTR.,E.N.E.L.,,inv_2020-02_0.pdf,0,,,
ANCIPA,TROINA,"30,40","8,18","10,26","-2,08","6,91",IRR. - POT. - ELETTR.,E.N.E.L.,,inv_2020-11_1.pdf,0,,,
ANCIPA,TROINA,"30,40","6,44","8,18","-1,74","9,83",IRR. - POT. - ELETTR.,E.N.E.L.,,inv_2020-12_0.pdf,0,,,
ANCIPA,TROINA,"30,40","15,86","18,83","-2,97","13,07",IRR. - POT. - ELETTR.,E.N.E.L.,,inv_2020-08_0.pdf,0,,,
ANCIPA,TROINA,"30,40","12,26","15,86","-3,60","10,81",IRR. - POT. - ELETTR.,E.N.E.L.,,inv_2020-09_0.pdf,0,,,
ANCIPA,TROINA,"30,40","15,67","15,73","-0,06","22,29",IRR. - POT. - ELETTR.,E.N.E.L.,,inv_2020-03_0.pdf,0,,,
ANCIPA,TROINA,"30,40","20,81","15,67","5,14","19,19",IRR. - POT. - ELETTR.,E.N.E.L.,,inv_2020-04_0.pdf,0,,,
ANCIPA,TROINA,"30,40","18,83","20,55","-1,72","15,20",IRR. - POT. - ELETTR.,E.N.E.L.,,inv_2020-07%20%281%29_0.pdf,0,,,
ANCIPA,TROINA,"30,40","10,26","12,26","-2,00","8,86",IRR. - POT. - ELETTR.,E.N.E.L.,,inv_2020-10_0.pdf,0,,,
ANCIPA,TROINA,"30,40","22,29","23,79","-1,50","18,10",IRR. - POT. - ELETTR.,E.N.E.L.,,inv_2019-03.pdf,0,,,
ANCIPA,TROINA,"30,40","19,19","22,29","-3,10","22,75",IRR. - POT. - ELETTR.,E.N.E.L.,,inv_2019-04.pdf,0,,,
ANCIPA,TROINA,"30,40","8,86","10,81","-1,95","10,96",IRR. - POT. - ELETTR.,E.N.E.L.,,inv_2019-10.pdf,0,,,
ANCIPA,TROINA,"30,40","6,91","8,86","-1,95","9,27",IRR. - POT. - ELETTR.,E.N.E.L.,,inv_2019-11.pdf,0,,,
ANCIPA,TROINA,"30,40","20,16","13,20","6,96","6,82",IRR. - POT. - ELETTR.,E.N.E.L.,,inv_2019-01.pdf,0,,,
ANCIPA,TROINA,"30,40","13,07","15,20","-2,13","15,88",IRR. - POT. - ELETTR.,E.N.E.L.,,inv_2019-08.pdf,0,,,
ANCIPA,TROINA,"30,40","17,18","16,46","0,72","22,38",IRR. - POT. - ELETTR.,E.N.E.L.,,inv_2019-06.pdf,0,,,
ANCIPA,TROINA,"30,40","9,83","6,91","2,92","13,20",IRR. - POT. - ELETTR.,E.N.E.L.,,inv_2019-12.pdf,0,,,
ANCIPA,TROINA,"30,40","10,81","13,07","-2,26","12,87",IRR. - POT. - ELETTR.,E.N.E.L.,,inv_2019-09.pdf,0,,,
ANCIPA,TROINA,"30,40","16,46","19,19","-2,73","22,77",IRR. - POT. - ELETTR.,E.N.E.L.,,inv_2019-05.pdf,0,,,
ANCIPA,TROINA,"30,40","23,79","20,16","3,63","9,39",IRR. - POT. - ELETTR.,E.N.E.L.,,inv_2019-02.pdf,0,,,
ANCIPA,TROINA,"30,40","15,20","17,18","-1,98","23,97",IRR. - POT. - ELETTR.,E.N.E.L.,,inv_2019-07.pdf,0,,,
1,ANCIPA,ENEL,"30.410.000,00","950,00","30.410.000,00",n.d.,"946,65","24.022.651,51","22.022.651,51",2025-07-5-Volume%20Giornaliero%20Potabile.pdf,0,(**),"+ 0,0%","0,00"
1,ANCIPA,ENEL,"30.410.000,00","950,00","30.410.000,00",n.d.,"949,42","26.988.446,19","24.988.446,19",2025-04-4-Volume%20Giornaliero%20Potabile.pdf,0,,"+ 0,0%",
1,ANCIPA,ENEL,"30.410.000,00","950,00","30.410.000,00",n.d.,"940,59","17.579.730,40","15.579.730,40",2025-08-28-Volume%20Giornaliero%20Potabile.pdf,0,,"- 0,2%","-61.932,89"
1,ANCIPA,ENEL,"30.410.000,00","950,00","30.410.000,00",n.d.,"948,18","25.660.798,03","23.660.798,03",2025-03-13-Volume%20Giornaliero%20potabile.pdf,0,,"+ 0,1%",
1,ANCIPA,ENEL,"30.410.000,00","950,00","30.410.000,00",n.d.,"948,68","26.196.140,03","24.196.140,03",2025-03-28-Volume%20Giornaliero.pdf,0,,"+ 1,3%",
1,ANCIPA,ENEL,"939,00","30.410.000,00","941,64","18.674.234,89","16.674.234,89",,,2025-01-28-Volume%20Giornaliero%20potabile.pdf,0,,,
1,ANCIPA,ENEL,"30.410.000,00","950,00","30.410.000,00",n.d.,"947,41","24.836.371,35","22.836.371,35",2025-06-14-Volume%20Giornaliero%20Potabile.pdf,0,,"- 0,2%","-53.534,20"
1,ANCIPA,ENEL,"30.410.000,00","950,00","30.410.000,00",n.d.,"940,45","17.435.625,90","15.435.625,90",2025-09-4-Volume%20Giornaliero%20Potabile.pdf,0,(**),"+ 0,0%","0,00"
1,ANCIPA,ENEL,"30.410.000,00","950,00","30.410.000,00",n.d.,"947,41","24.836.371,35","22.836.371,35",2025-05-15-Volume%20Giornaliero%20Potabile.pdf,0,,"- 0,1%",
1,ANCIPA,ENEL,"30.410.000,00","950,00","30.410.000,00",n.d.,"946,86","24.247.495,15","22.247.495,15",2025-02-17-Volume%20Giornaliero%20potabile.pdf,0,,"+ 0,8%",
1,ANCIPA,ENEL,"30.410.000,00","950,00","30.410.000,00",n.d.,"947,70","25.146.869,71","23.146.869,71",2025-06-03-Volume%20Giornaliero%20Potabile.pdf,0,,"- 0,5%","-149.895,76"
1,ANCIPA,ENEL,"30.410.000,00","950,00","30.410.000,00",n.d.,"947,38","24.804.250,83","22.804.250,83",2025-06-21-Volume%20Giornaliero%20Potabile.pdf,0,(*),"+ 0,0%","0,00"
1,ANCIPA,ENEL,"30.410.000,00","950,00","30.410.000,00",n.d.,"947,63","25.071.921,83","23.071.921,83",2025-06-08-Volume%20Giornaliero%20Potabile.pdf,0,,"- 0,2%","-53.534,17"
1,ANCIPA,ENEL,"30.410.000,00","950,00","30.410.000,00",n.d.,"940,52","17.507.615,50","15.507.615,50",2025-08-30-Volume%20Giornaliero%20Potabile.pdf,0,,"- 0,0%","-10.302,10"
1,ANCIPA,ENEL,"30.410.000,00","950,00","30.410.000,00",n.d.,"947,88","25.339.592,83","23.339.592,83",2025-06-01-Volume%20Giornaliero%20Potabile.pdf,0,,"- 0,1%","-21.413,67"
1,ANCIPA,ENEL,"30.410.000,00","950,00","30.410.000,00",n.d.,"939,92","16.894.627,00","14.894.627,00",2025-09-7-Volume%20Giornaliero%20Potabile.pdf,0,,"- 0,3%","-81.144,00"
1,ANCIPA,ENEL,"950,00","30.410.000,00","942,50","19.584.257,75","17.584.257,75",,,2025-02-1-Volume%20Giornaliero%20potabile.pdf,0,,,
1,ANCIPA,ENEL,"30.410.000,00","950,00","30.410.000,00",n.d.,"940,45","17.435.625,90","15.435.625,90",2025-09-2-Volume%20Giornaliero%20Potabile.pdf,0,,"- 0,2%","-61.687,45"
1,ANCIPA,ENEL,"30.410.000,00","950,00","30.410.000,00",n.d.,"948,03","25.500.195,43","23.500.195,43",2025-05-19-Volume%20Giornaliero%20Potabile.pdf,0,,"+ 0,1%","42.827,36"
1,ANCIPA,ENEL,"939,00","30.410.000,00","936,20","13.355.034,78","11.355.034,78",,,2025-01-16-Volume%20Giornaliero%20potabile.pdf,0,,,
1,ANCIPA,ENEL,"939,00","30.410.000,00","938,80","15.777.673,15","13.777.673,15",,,2025-01-19-Volume%20Giornaliero%20potabile.pdf,0,,,
1,ANCIPA,ENEL,"30.410.000,00","950,00","30.410.000,00",n.d.,"949,39","26.956.325,67","24.956.325,67",2025-04-7-Volume%20Giornaliero%20Potabile.pdf,0,,"+ 0,0%",
1,ANCIPA,ENEL,"30.410.000,00","950,00","30.410.000,00",n.d.,"948,00","25.468.074,91","23.468.074,91",2025-05-26-Volume%20Giornaliero%20Potabile.pdf,0,,"- 0,1%","-32.120,52"
1,ANCIPA,ENEL,"950,00","30.410.000,00","943,26","20.394.201,90","18.394.201,90",,,2025-02-7-Volume%20Giornaliero%20potabile.pdf,0,,,
1,ANCIPA,ENEL,"30.410.000,00","950,00","30.410.000,00",n.d.,"947,44","24.868.491,87","22.868.491,87",2025-05-14-Volume%20Giornaliero%20Potabile_rev.pdf,0,,"- 0,1%",
1,ANCIPA,ENEL,"30.410.000,00","950,00","30.410.000,00",n.d.,"947,43","24.761.423,47","22.761.423,47",2025-02-22-Volume%20Giornaliero%20potabile.pdf,0,,"+ 0,2%",
1,ANCIPA,ENEL,"30.410.000,00","950,00","30.410.000,00",n.d.,"942,86","19.967.459,99","17.967.459,99",2025-08-12-Volume%20Giornaliero%20Potabile.pdf,0,,"- 1,0%","-298.630,21"
1,ANCIPA,ENEL,"30.410.000,00","950,00","30.410.000,00",n.d.,"947,92","25.382.420,19","23.382.420,19",2025-04-21-Volume%20Giornaliero%20Potabile.pdf,0,,"- 0,8%",
1,ANCIPA,ENEL,"30.410.000,00","950,00","30.410.000,00",n.d.,"948,03","25.500.195,43","23.500.195,43",2025-05-25-Volume%20Giornaliero%20Potabile.pdf,0,,"+ 0,0%","0,00"
1,ANCIPA,ENEL,"30.410.000,00","950,00","30.410.000,00",n.d.,"947,75","25.200.403,91","23.200.403,91",2025-04-26-Volume%20Giornaliero%20Potabile.pdf,0,,"- 0,1%",
1,ANCIPA,ENEL,"30.410.000,00","950,00","30.410.000,00",n.d.,"946,26","23.605.084,75","21.605.084,75",2025-07-12-Volume%20Giornaliero%20Potabile.pdf,0,,"- 0,2%","-53.534,20"
1,ANCIPA,ENEL,"30.410.000,00","950,00","30.410.000,00",n.d.,"948,19","25.671.504,87","23.671.504,87",2025-03-14-Volume%20Giornaliero%20potabile.pdf,0,,"+ 0,0%",
1,ANCIPA,ENEL,"30.410.000,00","950,00","30.410.000,00",n.d.,"947,38","24.804.250,83","22.804.250,83",2025-06-29-Volume%20Giornaliero%20Potabile.pdf,0,(*),"+ 0,0%","0,00"
1,ANCIPA,ENEL,"30.410.000,00","950,00","30.410.000,00",n.d.,"948,23","25.714.332,23","23.714.332,23",2025-03-17-Volume%20Giornaliero%20potabile.pdf,0,,"+ 0,2%",
1,ANCIPA,ENEL,"30.410.000,00","950,00","30.410.000,00",n.d.,"948,26","25.746.452,75","23.746.452,75",2025-03-20-Volume%20Giornaliero%20potabile.pdf,0,,"+ 0,1%",
1,ANCIPA,ENEL,"939,00","30.410.000,00","939,70","16.672.332,50","14.672.332,50",(*),,2025-01-21-Volume%20Giornaliero%20potabile.pdf,0,,,
1,ANCIPA,ENEL,"30.410.000,00","950,00","30.410.000,00",n.d.,"947,63","25.071.921,83","23.071.921,83",2025-05-7-Volume%20Giornaliero%20Potabile.pdf,0,,"- 0,1%",
1,ANCIPA,ENEL,"30.410.000,00","950,00","30.410.000,00",n.d.,"948,88","26.410.276,83","24.410.276,83",2025-04-11-Volume%20Giornaliero%20Potabile.pdf,0,,"- 0,3%",
1,ANCIPA,ENEL,"30.410.000,00","950,00","30.410.000,00",n.d.,"948,54","26.046.244,27","24.046.244,27",2025-03-07-Volume%20Giornaliero%20potabile%20%281%29.pdf,0,,"- 0,4%",
1,ANCIPA,ENEL,"30.410.000,00","950,00","30.410.000,00",n.d.,"948,05","25.521.609,11","23.521.609,11",2025-05-20-Volume%20Giornaliero%20Potabile.pdf,0,,"+ 0,1%","21.413,68"
1,ANCIPA,ENEL,"939,00","30.410.000,00","939,70","16.672.332,50","14.672.332,50",,,2025-01-20-Volume%20Giornaliero%20potabile.pdf,0,,,
1,ANCIPA,ENEL,"30.410.000,00","950,00","30.410.000,00",n.d.,"945,02","22.277.436,59","20.277.436,59",2025-08-3-Volume%20Giornaliero%20Potabile.pdf,0,,"- 0,3%","-96.361,56"
1,ANCIPA,ENEL,"30.410.000,00","950,00","30.410.000,00",n.d.,"940,90","17.900.503,78","15.900.503,78",2025-08-22-Volume%20Giornaliero%20Potabile.pdf,0,,"- 0,2%","-62.357,45"
1,ANCIPA,ENEL,"30.410.000,00","950,00","30.410.000,00",n.d.,"943,41","20.554.432,70","18.554.432,70",2025-08-10-Volume%20Giornaliero%20Potabile.pdf,0,,"- 0,9%","-277.955,09"
1,ANCIPA,ENEL,"30.410.000,00","950,00","30.410.000,00",n.d.,"948,26","25.746.452,75","23.746.452,75",2025-03-21-Volume%20Giornaliero%20potabile.pdf,0,,"+ 0,0%",
1,ANCIPA,ENEL,"30.410.000,00","950,00","30.410.000,00",n.d.,"947,90","25.361.006,50","23.361.006,50",2025-05-31-Volume%20Giornaliero%20Potabile.pdf,0,,"- 0,1%","-21.413,69"
1,ANCIPA,ENEL,"30.410.000,00","950,00","30.410.000,00",n.d.,"945,67","22.973.381,19","20.973.381,19",2025-02-11-Volume%20Giornaliero%20potabile.pdf,0,,,"+ 1,6%"
1,ANCIPA,ENEL,"30.410.000,00","950,00","30.410.000,00",n.d.,"947,66","25.104.042,35","23.104.042,35",2025-05-5-Volume%20Giornaliero%20Potabile.pdf,0,,"- 0,1%",
1,ANCIPA,ENEL,"30.410.000,00","950,00","30.410.000,00",n.d.,"946,49","23.851.342,07","21.851.342,07",2025-02-15-Volume%20Giornaliero%20potabile_0.pdf,0,,"+ 0,5%",
1,ANCIPA,ENEL,"30.410.000,00","950,00","30.410.000,00",n.d.,"939,14","16.112.920,80","14.112.920,80",2025-09-21-Volume%20Giornaliero%20Potabile.pdf,0,,"- 0,2%","-49.563,60"
1,ANCIPA,ENEL,"30.410.000,00","950,00","30.410.000,00",n.d.,"947,49","24.922.026,07","22.922.026,07",2025-05-12-Volume%20Giornaliero%20Potabile.pdf,0,,"- 0,1%",
1,ANCIPA,ENEL,"30.410.000,00","950,00","30.410.000,00",n.d.,"946,41","23.756.687,35","21.756.687,35",2025-07-9-Volume%20Giornaliero%20Potabile.pdf,0,,"- 0,2%","-62.534,20"
1,ANCIPA,ENEL,"30.410.000,00","950,00","30.410.000,00",n.d.,"947,53","24.964.853,43","22.964.853,43",2025-06-11-Volume%20Giornaliero%20Potabile.pdf,0,,"- 0,1%","-42.827,36"
1,ANCIPA,ENEL,"30.410.000,00","950,00","30.410.000,00",n.d.,"947,68","25.125.456,00","23.125.456,00",2025-06-07-Volume%20Giornaliero%20Potabile.pdf,0,,"- 0,1%","-32.120,55"
1,ANCIPA,ENEL,"30.410.000,00","950,00","30.410.000,00",n.d.,"939,19","16.162.484,40","14.162.484,40",2025-09-20-Volume%20Giornaliero%20Potabile.pdf,0,,"- 0,2%","-59.619,10"
1,ANCIPA,ENEL,"30.410.000,00","950,00","30.410.000,00",n.d.,"945,27","22.545.107,59","20.545.107,59",2025-07-30-Volume%20Giornaliero%20Potabile.pdf,0,,"- 0,2%","-64.241,04"
1,ANCIPA,ENEL,"30.410.000,00","950,00","30.410.000,00",n.d.,"939,25","16.222.103,50","14.222.103,50",2025-09-19-Volume%20Giornaliero%20Potabile.pdf,0,,"- 0,3%","-89.585,10"
1,ANCIPA,ENEL,"30.410.000,00","950,00","30.410.000,00",n.d.,"941,32","18.338.366,63","16.338.366,63",2025-08-19-Volume%20Giornaliero%20Potabile.pdf,0,,"- 1,0%","-314.817,76"
1,ANCIPA,ENEL,"30.410.000,00","950,00","30.410.000,00",n.d.,"947,38","24.804.250,83","22.804.250,83",2025-06-25-Volume%20Giornaliero%20Potabile.pdf,0,(*),"+ 0,0%","0,00"
1,ANCIPA,ENEL,"30.410.000,00","950,00","30.410.000,00",n.d.,"948,24","25.725.039,07","23.725.039,07",2025-03-26-Volume%20Giornaliero%20potabile_0.pdf,0,,"+ 0,0%",
1,ANCIPA,ENEL,"30.410.000,00","950,00","30.410.000,00",n.d.,"945,67","22.973.381,19","20.973.381,19",2025-07-25-Volume%20Giornaliero%20Potabile.pdf,0,(*),"+ 0,0%","0,00"
1,ANCIPA,ENEL,"30.410.000,00","950,00","30.410.000,00",n.d.,"948,28","25.767.866,43","23.767.866,43",2025-04-19-Volume%20Giornaliero%20Potabile.pdf,0,,"- 0,5%",
1,ANCIPA,ENEL,"939,00","30.410.000,00","936,90","13.981.107,19","11.981.107,19",,,2025-01-17-Volume%20Giornaliero%20potabile.pdf,0,,,
1,ANCIPA,ENEL,"30.410.000,00","950,00","30.410.000,00",n.d.,"940,68","17.672.641,76","15.672.641,76",2025-08-26-Volume%20Giornaliero%20Potabile.pdf,0,,"- 0,2%","-51.700,66"
1,ANCIPA,ENEL,"939,00","30.410.000,00","941,06","18.066.913,07","16.066.913,07",,,2025-01-24-Volume%20Giornaliero%20potabile.pdf,0,,,
1,ANCIPA,ENEL,"30.410.000,00","950,00","30.410.000,00",n.d.,"940,45","17.435.625,90","15.435.625,90",2025-09-5-Volume%20Giornaliero%20Potabile.pdf,0,(*),"+ 0,0%","0,00"
1,ANCIPA,ENEL,"30.410.000,00","950,00","30.410.000,00",n.d.,"947,84","25.296.765,47","23.296.765,47",2025-06-02-Volume%20Giornaliero%20Potabile.pdf,0,,"- 0,1%","-42.827,36"
1,ANCIPA,ENEL,"30.410.000,00","950,00","30.410.000,00",n.d.,"945,33","22.609.348,63","20.609.348,63",2025-07-29-Volume%20Giornaliero%20Potabile.pdf,0,,"- 0,2%","-74.947,88"
1,ANCIPA,ENEL,"30.410.000,00","950,00","30.410.000,00",n.d.,"939,08","16.053.502,00","14.053.502,00",2025-09-22-Volume%20Giornaliero%20Potabile.pdf,0,,"- 0,2%","-59.418,80"
1,ANCIPA,ENEL,"30.410.000,00","950,00","30.410.000,00",n.d.,"940,51","17.497.313,35","15.497.313,35",2025-09-1-Volume%20Giornaliero%20Potabile.pdf,0,,"+ 0,0%","0,00"
1,ANCIPA,ENEL,"30.410.000,00","950,00","30.410.000,00",n.d.,"947,38","24.804.250,83","22.804.250,83",2025-06-20-Volume%20Giornaliero%20Potabile.pdf,0,(*),"+ 0,0%","0,00"
1,ANCIPA,ENEL,"30.410.000,00","950,00","30.410.000,00",n.d.,"947,75","25.200.403,90","23.200.403,90",2025-06-05-Volume%20Giornaliero%20Potabile.pdf,0,,"- 0,1%","-32.120,53"
1,ANCIPA,ENEL,"30.410.000,00","950,00","30.410.000,00",n.d.,"948,28","25.767.866,43","23.767.866,43",2025-03-09-Volume%20Giornaliero%20potabile.pdf,0,,"- 0,5%",
1,ANCIPA,ENEL,"939,00","30.410.000,00","941,24","18.254.708,55","16.254.708,55",,,2025-01-25-Volume%20Giornaliero%20potabile.pdf,0,,,
1,ANCIPA,ENEL,"30.410.000,00","950,00","30.410.000,00",n.d.,"948,23","25.714.332,23","23.714.332,23",2025-03-23-Volume%20Giornaliero%20potabile.pdf,0,,"+ 0,0%",
1,ANCIPA,ENEL,"30.410.000,00","950,00","30.410.000,00",n.d.,"947,00","24.397.390,91","22.397.390,91",2025-02-18-Volume%20Giornaliero%20potabile.pdf,0,,"+ 0,5%",
1,ANCIPA,ENEL,"30.410.000,00","950,00","30.410.000,00",n.d.,"945,98","23.305.293,23","21.305.293,23",2025-07-17-Volume%20Giornaliero%20Potabile.pdf,0,,"- 0,2%","-64.241,04"
1,ANCIPA,ENEL,"30.410.000,00","950,00","30.410.000,00",n.d.,"948,22","25.703.625,39","23.703.625,39",2025-03-24-Volume%20Giornaliero%20potabile.pdf,0,,"- 0,0%",
1,ANCIPA,ENEL,"30.410.000,00","950,00","30.410.000,00",n.d.,"945,15","22.416.625,51","20.416.625,51",2025-08-1-Volume%20Giornaliero%20Potabile.pdf,0,,"- 0,2%","-64.241,04"
1,ANCIPA,ENEL,"30.410.000,00","950,00","30.410.000,00",n.d.,"947,38","24.804.250,83","22.804.250,83",2025-06-16-Volume%20Giornaliero%20Potabile.pdf,0,(**),"+ 0,0%","0,00"
1,ANCIPA,ENEL,"950,00","30.410.000,00","942,96","20.074.061,22","18.074.061,22",,,2025-02-4-Volume%20Giornaliero%20potabile.pdf,0,,,
1,ANCIPA,ENEL,"30.410.000,00","950,00","30.410.000,00",n.d.,"949,11","26.656.534,15","24.656.534,15",2025-04-9-Volume%20Giornaliero%20Potabile.pdf,0,,"- 0,5%",
1,ANCIPA,ENEL,"30.410.000,00","950,00","30.410.000,00",n.d.,"948,26","25.746.452,75","23.746.452,75",2025-03-01-Volume%20Giornaliero%20potabile.pdf,0,,"+ 0,6%",
1,ANCIPA,ENEL,"30.410.000,00","950,00","30.410.000,00",n.d.,"939,59","16.561.734,43","14.561.734,43",2025-09-14-Volume%20Giornaliero%20Potabile.pdf,0,,"- 0,2%","-60.312,72"
1,ANCIPA,ENEL,"30.410.000,00","950,00","30.410.000,00",n.d.,"947,50","24.932.732,91","22.932.732,91",2025-02-25-Volume%20Giornaliero%20potabile_0.pdf,0,,"+ 0,1%",
1,ANCIPA,ENEL,"30.410.000,00","950,00","30.410.000,00",n.d.,"939,65","16.622.047,15","14.622.047,15",2025-09-13-Volume%20Giornaliero%20Potabile.pdf,0,,"- 0,2%","-50.285,35"
1,ANCIPA,ENEL,"30.410.000,00","950,00","30.410.000,00",n.d.,"948,18","25.660.798,03","23.660.798,03",2025-03-16-Volume%20Giornaliero%20potabile.pdf,0,,"- 0,0%",
1,ANCIPA,ENEL,"30.410.000,00","950,00","30.410.000,00",n.d.,"949,24","26.795.723,07","24.795.723,07",2025-04-8-Volume%20Giornaliero%20Potabile.pdf,0,,"- 0,5%",
1,ANCIPA,ENEL,"30.410.000,00","950,00","30.410.000,00",n.d.,"947,90","25.361.006,50","23.361.006,50",2025-05-17-Volume%20Giornaliero%20Potabile.pdf,0,,"+ 0,8%","246.257,31"
1,ANCIPA,ENEL,"30.410.000,00","950,00","30.410.000,00",n.d.,"947,77","25.221.817,59","23.221.817,59",2025-04-25-Volume%20Giornaliero%20Potabile.pdf,0,,"- 0,1%",
1,ANCIPA,ENEL,"30.410.000,00","950,00","30.410.000,00",n.d.,"949,40","26.967.032,51","24.967.032,51",2025-03-30-Volume%20Giornaliero%20Potabile.pdf,0,,"+ 0,5%",
1,ANCIPA,ENEL,"30.410.000,00","950,00","30.410.000,00",n.d.,"948,22","25.703.625,39","23.703.625,39",2025-03-22-Volume%20Giornaliero%20potabile.pdf,0,,"- 0,1%",
1,ANCIPA,ENEL,"30.410.000,00","950,00","30.410.000,00",n.d.,"949,33","26.829.084,63","24.829.084,63",2025-03-29-Volume%20Giornaliero%20potabile.pdf,0,,"+ 2,1%",
1,ANCIPA,ENEL,"30.410.000,00","950,00","30.410.000,00",n.d.,"939,44","16.411.499,33","14.411.499,33",2025-09-16-Volume%20Giornaliero%20Potabile.pdf,0,,"- 0,3%","-80.043,56"
1,ANCIPA,ENEL,"30.410.000,00","950,00","30.410.000,00",n.d.,"946,15","23.487.309,51","21.487.309,51",2025-07-14-Volume%20Giornaliero%20Potabile.pdf,0,,"- 0,2%","-53.534,20"
1,ANCIPA,ENEL,"30.410.000,00","950,00","30.410.000,00",n.d.,"945,88","23.198.224,83","21.198.224,83",2025-07-19-Volume%20Giornaliero%20Potabile.pdf,0,,"- 0,1%","-18.192,20"
1,ANCIPA,ENEL,"30.410.000,00","950,00","30.410.000,00",n.d.,"947,79","25.243.231,27","23.243.231,27",2025-04-24-Volume%20Giornaliero%20Potabile.pdf,0,,"+ 0,0%",
1,ANCIPA,ENEL,"30.410.000,00","950,00","30.410.000,00",n.d.,"947,74","25.189.697,07","23.189.697,07",2025-05-1-Volume%20Giornaliero%20Potabile.pdf,0,,"- 0,0%",
1,ANCIPA,ENEL,"30.410.000,00","950,00","30.410.000,00",n.d.,"944,50","21.720.686,10","19.720.686,10",2025-08-6-Volume%20Giornaliero%20Potabile.pdf,0,,"- 0,9%","-278.372,80"
1,ANCIPA,ENEL,"30.410.000,00","950,00","30.410.000,00",n.d.,"948,24","25.725.039,10","23.725.039,10",2025-03-18%20-%20Volume%20Giornaliero%20potabile.pdf,0,,"+ 0,0%",
1,ANCIPA,ENEL,"30.410.000,00","950,00","30.410.000,00",n.d.,"948,61","26.121.192,15","24.121.192,15",05.03.2025.pdf,0,,"+ 0,1%",
1,ANCIPA,ENEL,"30.410.000,00","950,00","30.410.000,00",n.d.,"939,52","16.491.542,89","14.491.542,89",2025-09-15-Volume%20Giornaliero%20Potabile.pdf,0,,"- 0,2%","-70.191,54"
1,ANCIPA,ENEL,"30.410.000,00","950,00","30.410.000,00",n.d.,"945,45","22.737.830,70","20.737.830,70",2025-07-27-Volume%20Giornaliero%20Potabile_0.pdf,0,,"- 0,2%","-53.534,20"
1,ANCIPA,ENEL,"30.410.000,00","950,00","30.410.000,00",n.d.,"947,72","25.168.283,39","23.168.283,39",2025-05-2-Volume%20Giornaliero%20Potabile.pdf,0,,"- 0,1%",
1,ANCIPA,ENEL,"30.410.000,00","950,00","30.410.000,00",n.d.,"947,38","24.804.250,83","22.804.250,83",2025-07-2-Volume%20Giornaliero%20Potabile.pdf,0,(*),"+ 0,0%","0,00"
1,ANCIPA,ENEL,"30.410.000,00","950,00","30.410.000,00",n.d.,"940,51","17.497.313,35","15.497.313,35",2025-08-31-Volume%20Giornaliero%20Potabile.pdf,0,,"- 0,0%","-10.302,15"
1,ANCIPA,ENEL,"30.410.000,00","950,00","30.410.000,00",n.d.,"945,50","22.791.364,90","20.791.364,90",2025-07-26-Volume%20Giornaliero%20Potabile.pdf,0,,"- 0,6%","-182.016,29"
1,ANCIPA,ENEL,"30.410.000,00","950,00","30.410.000,00",n.d.,"947,68","25.125.456,03","23.125.456,03",2025-05-4-Volume%20Giornaliero%20Potabile.pdf,0,,"- 0,1%",
1,ANCIPA,ENEL,"30.410.000,00","950,00","30.410.000,00",n.d.,"939,83","16.803.539,31","14.803.539,31",2025-09-9-Volume%20Giornaliero%20Potabile_0.pdf,0,,"- 0,2%","-70.801,93"
1,ANCIPA,ENEL,"30.410.000,00","950,00","30.410.000,00",n.d.,"941,03","18.035.672,97","16.035.672,97",2025-08-20-Volume%20Giornaliero%20Potabile.pdf,0,,"- 1,0%","-302.693,66"
1,ANCIPA,ENEL,"30.410.000,00","950,00","30.410.000,00",n.d.,"948,41","25.907.055,35","23.907.055,35",2025-03-08-Volume%20Giornaliero%20potabile.pdf,0,,"- 0,5%",
1,ANCIPA,ENEL,"30.410.000,00","950,00","30.410.000,00",n.d.,"940,00","16.975.771,00","14.975.771,00",2025-09-6-Volume%20Giornaliero%20Potabile.pdf,0,,"- 1,5%","-459.854,90"
1,ANCIPA,ENEL,"30.410.000,00","950,00","30.410.000,00",n.d.,"948,19","25.671.504,87","23.671.504,87",2025-03-15-Volume%20Giornaliero%20potabile.pdf,0,,"+ 0,0%",
1,ANCIPA,ENEL,"939,00","30.410.000,00","941,40","18.422.138,21","16.422.138,21",,,2025-01-26-Volume%20Giornaliero%20potabile.pdf,0,,,
1,ANCIPA,ENEL,"950,00","30.410.000,00","942,33","19.403.699,30","17.403.699,30",,,2025-01-31-Volume%20Giornaliero%20potabile.pdf,0,,,
1,ANCIPA,ENEL,"950,00","30.410.000,00","943,17","20.298.110,80","18.298.110,80",,,2025-02-6-Volume%20Giornaliero%20potabile.pdf,0,,,
1,ANCIPA,ENEL,"30.410.000,00","950,00","30.410.000,00",n.d.,"947,50","24.932.732,90","22.932.732,90",2025-06-12-Volume%20Giornaliero%20Potabile.pdf,0,,"- 0,1%","-32.120,53"
1,ANCIPA,ENEL,"30.410.000,00","950,00","30.410.000,00",n.d.,"947,47","24.900.612,39","22.900.612,39",2025-05-13-Volume%20Giornaliero%20Potabile.pdf,0,,"- 0,1%",
1,ANCIPA,ENEL,"30.410.000,00","950,00","30.410.000,00",n.d.,"947,38","24.804.250,83","22.804.250,83",2025-06-28-Volume%20Giornaliero%20Potabile.pdf,0,(*),"+ 0,0%","0,00"
1,ANCIPA,ENEL,"30.410.000,00","950,00","30.410.000,00",n.d.,"948,08","25.553.729,63","23.553.729,63",2025-02-28-Volume%20Giornaliero%20potabile.pdf,0,,"+ 1,4%",
1,ANCIPA,ENEL,"30.410.000,00","950,00","30.410.000,00",n.d.,"941,62","18.653.184,39","16.653.184,39",2025-08-18-Volume%20Giornaliero%20Potabile.pdf,0,,"- 0,2%","-63.151,51"
1,ANCIPA,ENEL,"30.410.000,00","950,00","30.410.000,00",n.d.,"941,68","18.716.335,90","16.716.335,90",2025-08-17-Volume%20Giornaliero%20Potabile.pdf,0,,"- 0,3%","-94.835,00"
1,ANCIPA,ENEL,"30.410.000,00","950,00","30.410.000,00",n.d.,"945,77","23.080.449,59","21.080.449,59",2025-07-21-Volume%20Giornaliero%20Potabile.pdf,0,,"- 0,2%","-53.534,20"
1,ANCIPA,ENEL,"30.410.000,00","950,00","30.410.000,00",n.d.,"947,99","25.457.368,07","23.457.368,07",2025-05-27-Volume%20Giornaliero%20Potabile.pdf,0,,"- 0,0%","-10.706,84"
1,ANCIPA,ENEL,"30.410.000,00","950,00","30.410.000,00",n.d.,"948,98","26.517.345,23","24.517.345,23",2025-04-14-Volume%20Giornaliero%20Potabile.pdf,0,,"+ 0,1%",
1,ANCIPA,ENEL,"30.410.000,00","950,00","30.410.000,00",n.d.,"942,58","19.669.332,28","17.669.332,28",2025-08-13-Volume%20Giornaliero%20Potabile.pdf,0,,"- 1,0%","-298.127,71"
1,ANCIPA,ENEL,"30.410.000,00","950,00","30.410.000,00",n.d.,"940,65","17.641.663,29","15.641.663,29",2025-08-27-Volume%20Giornaliero%20Potabile.pdf,0,,"- 0,1%","-30.978,47"
1,ANCIPA,ENEL,"30.410.000,00","950,00","30.410.000,00",n.d.,"949,42","26.988.446,19","24.988.446,19",2025-04-3-Volume%20Giornaliero%20Potabile.pdf,0,,"- 0,1%",
1,ANCIPA,ENEL,"30.410.000,00","950,00","30.410.000,00",n.d.,"947,60","25.039.801,30","23.039.801,30",2025-05-8-Volume%20Giornaliero%20Potabile.pdf,0,,"- 0,1%",
1,ANCIPA,ENEL,"30.410.000,00","950,00","30.410.000,00",n.d.,"939,70","16.672.332,50","14.672.332,50",2025-09-11-Volume%20Giornaliero%20Potabile.pdf,0,,"- 0,2%","-60.517,87"
1,ANCIPA,ENEL,"30.410.000,00","950,00","30.410.000,00",n.d.,"947,60","25.039.801,31","23.039.801,31",2025-06-09-Volume%20Giornaliero%20Potabile_REV.pdf,0,,"- 0,1%","-32.120,52"
1,ANCIPA,ENEL,"30.410.000,00","950,00","30.410.000,00",n.d.,"947,22","24.632.941,39","22.632.941,39",2025-02-20-Volume%20Giornaliero%20potabile.pdf,0,,"+ 0,4%",
1,ANCIPA,ENEL,"30.410.000,00","950,00","30.410.000,00",n.d.,"947,38","24.804.250,83","22.804.250,83",2025-07-1-Volume%20Giornaliero%20Potabile.pdf,0,(*),"+ 0,0%","0,00"
1,ANCIPA,ENEL,"30.410.000,00","950,00","30.410.000,00",n.d.,"947,92","25.382.420,19","23.382.420,19",2025-05-30-Volume%20Giornaliero%20Potabile.pdf,0,,"- 0,1%","-32.120,51"
1,ANCIPA,ENEL,"30.410.000,00","950,00","30.410.000,00",n.d.,"947,95","25.414.540,70","23.414.540,70",2025-05-29-Volume%20Giornaliero%20Potabile.pdf,0,,"- 0,1%","-21.413,69"
1,ANCIPA,ENEL,"950,00","30.410.000,00","942,82","19.924.834,78","17.924.834,78",,,2025-02-3-Volume%20Giornaliero%20potabile.pdf,0,,,
1,ANCIPA,ENEL,"30.410.000,00","950,00","30.410.000,00",n.d.,"948,06","25.532.315,95","23.532.315,95",2025-05-21-Volume%20Giornaliero%20Potabile.pdf,0,,"+ 0,0%","10.706,84"
1,ANCIPA,ENEL,"30.410.000,00","950,00","30.410.000,00",n.d.,"947,38","24.804.250,83","22.804.250,83",2025-06-26-Volume%20Giornaliero%20Potabile.pdf,0,(*),"+ 0,0%","0,00"
1,ANCIPA,ENEL,"30.410.000,00","950,00","30.410.000,00",n.d.,"947,38","24.804.250,83","22.804.250,83",2025-06-17-Volume%20Giornaliero%20Potabile.pdf,0,(**),"+ 0,0%","0,00"
1,ANCIPA,ENEL,"30.410.000,00","950,00","30.410.000,00",n.d.,"940,97","17.962.861,23","15.962.861,23",2025-08-21-Volume%20Giornaliero%20Potabile.pdf,0,,"- 0,2%","-72.811,74"
1,ANCIPA,ENEL,"939,00","30.410.000,00","941,52","18.548.091,63","16.548.091,63",,,2025-01-27-Volume%20Giornaliero%20potabile.pdf,0,,,
1,ANCIPA,ENEL,"30.410.000,00","950,00","30.410.000,00",n.d.,"948,96","26.495.931,55","24.495.931,55",2025-04-13-Volume%20Giornaliero%20Potabile.pdf,0,,"+ 0,1%",
1,ANCIPA,ENEL,"30.410.000,00","950,00","30.410.000,00",n.d.,"946,64","24.011.944,67","22.011.944,67",2025-02-16-Volume%20Giornaliero%20potabile.pdf,0,,"+ 0,5%",
1,ANCIPA,ENEL,"30.410.000,00","950,00","30.410.000,00",n.d.,"945,22","22.491.573,39","20.491.573,39",2025-02-10-Volume%20Giornaliero%20potabile.pdf,0,,"+ 3,3%",
1,ANCIPA,ENEL,"30.410.000,00","950,00","30.410.000,00",n.d.,"948,15","25.628.677,51","23.628.677,51",2025-03-12-Volume%20Giornaliero%20potabile.pdf,0,,"+ 0,1%",
1,ANCIPA,ENEL,"30.410.000,00","950,00","30.410.000,00",n.d.,"940,73","17.724.342,42","15.724.342,42",2025-08-25-Volume%20Giornaliero%20Potabile.pdf,0,,"- 0,2%","-51.747,28"
1,ANCIPA,ENEL,"30.410.000,00","950,00","30.410.000,00",n.d.,"948,03","25.500.195,43","23.500.195,43",2025-05-24-Volume%20Giornaliero%20Potabile.pdf,0,,"- 0,1%","-21.413,68"
1,ANCIPA,ENEL,"30.410.000,00","950,00","30.410.000,00",n.d.,"943,62","20.778.916,35","18.778.916,35",2025-02-8-Volume%20Giornaliero%20potabile.pdf,0,,"+ 1,27%",
1,ANCIPA,ENEL,"30.410.000,00","950,00","30.410.000,00",n.d.,"944,23","21.431.632,52","19.431.632,52",2025-08-7-Volume%20Giornaliero%20Potabile.pdf,0,,"- 1,0%","-289.053,58"
1,ANCIPA,ENEL,"30.410.000,00","950,00","30.410.000,00",n.d.,"945,67","22.973.381,19","20.973.381,19",2025-07-23-Volume%20Giornaliero%20Potabile.pdf,0,,"- 0,1%","-42.827,36"
1,ANCIPA,ENEL,"30.410.000,00","950,00","30.410.000,00",n.d.,"946,65","24.022.651,51","22.022.651,51",2025-07-4-Volume%20Giornaliero%20Potabile.pdf,0,,"- 2,6%","-781.599,32"
1,ANCIPA,ENEL,"30.410.000,00","950,00","30.410.000,00",n.d.,"946,09","23.423.068,47","21.423.068,47",2025-07-15-Volume%20Giornaliero%20Potabile.pdf,0,,"- 0,2%","-64.241,04"
1,ANCIPA,ENEL,"30.410.000,00","950,00","30.410.000,00",n.d.,"945,82","23.133.983,79","21.133.983,79",2025-07-20-Volume%20Giornaliero%20Potabile.pdf,0,,"- 0,2%","-64.241,04"
1,ANCIPA,ENEL,"30.410.000,00","950,00","30.410.000,00",n.d.,"947,75","25.200.403,91","23.200.403,91",2025-04-30-Volume%20Giornaliero%20Potabile.pdf,0,,"+ 0,0%",
1,ANCIPA,ENEL,"30.410.000,00","950,00","30.410.000,00",n.d.,"948,30","25.789.280,11","23.789.280,11",2025-03-27-Volume%20Giornaliero%20potabile.pdf,0,,"+ 0,2%",
1,ANCIPA,ENEL,"30.410.000,00","950,00","30.410.000,00",n.d.,"948,05","25.521.609,11","23.521.609,11",2025-05-22-Volume%20Giornaliero%20Potabile.pdf,0,,"- 0,0%","-10.706,84"
1,ANCIPA,ENEL,"30.410.000,00","950,00","30.410.000,00",n.d.,"939,70","16.672.332,50","14.672.332,50",2025-09-12-Volume%20Giornaliero%20Potabile.pdf,0,,"+ 0,0%","0,00"
1,ANCIPA,ENEL,"30.410.000,00","950,00","30.410.000,00",n.d.,"947,46","24.889.905,55","22.889.905,55",2025-02-24-Volume%20Giornaliero%20potabile.pdf,0,,"+ 0,1%",
1,ANCIPA,ENEL,"30.410.000,00","950,00","30.410.000,00",n.d.,"949,44","27.009.859,87","25.009.859,87",2025-04-2-Volume%20Giornaliero%20Potabile.pdf,0,,"- 0,1%",
1,ANCIPA,ENEL,"30.410.000,00","950,00","30.410.000,00",n.d.,"946,20","23.540.843,71","21.540.843,71",2025-07-13-Volume%20Giornaliero%20Potabile.pdf,0,,"- 0,2%","-64.241,04"
1,ANCIPA,ENEL,"30.410.000,00","950,00","30.410.000,00",n.d.,"940,78","17.776.089,70","15.776.089,70",2025-08-24-Volume%20Giornaliero%20Potabile.pdf,0,,"- 0,2%","-51.813,44"
1,ANCIPA,ENEL,"30.410.000,00","950,00","30.410.000,00",n.d.,"945,40","22.684.296,51","20.684.296,51",2025-07-28-Volume%20Giornaliero%20Potabile.pdf,0,,"- 0,2%","-53.534,19"
1,ANCIPA,ENEL,"30.410.000,00","950,00","30.410.000,00",n.d.,"940,53","17.517.917,60","15.517.917,60",2025-08-29-Volume%20Giornaliero%20Potabile.pdf,0,,"- 0,2%","-61.812,80"
1,ANCIPA,ENEL,"30.410.000,00","950,00","30.410.000,00",n.d.,"947,75","25.200.403,91","23.200.403,91",2025-04-29-Volume%20Giornaliero%20Potabile.pdf,0,,"+ 0,1%",
1,ANCIPA,ENEL,"30.410.000,00","950,00","30.410.000,00",n.d.,"947,52","24.954.146,59","22.954.146,59",2025-05-11-Volume%20Giornaliero%20Potabile.pdf,0,,"+ 0,0%",
1,ANCIPA,ENEL,"30.410.000,00","950,00","30.410.000,00",n.d.,"948,65","26.164.019,51","24.164.019,51",2025-03-06-Volume%20Giornaliero%20potabile.pdf,0,,"+ 0,1%",
1,ANCIPA,ENEL,"30.410.000,00","950,00","30.410.000,00",n.d.,"947,67","25.114.749,19","23.114.749,19",2025-05-6-Volume%20Giornaliero%20Potabile.pdf,0,,"+ 0,0%",
1,ANCIPA,ENEL,"30.410.000,00","950,00","30.410.000,00",n.d.,"946,31","23.658.618,95","21.658.618,95",2025-07-11-Volume%20Giornaliero%20Potabile.pdf,0,,"- 0,2%","-53.534,20"
1,ANCIPA,ENEL,"30.410.000,00","950,00","30.410.000,00",n.d.,"939,34","16.311.688,60","14.311.688,60",2025-09-18-Volume%20Giornaliero%20Potabile.pdf,0,,"- 0,2%","-59.818,17"
1,ANCIPA,ENEL,"30.410.000,00","950,00","30.410.000,00",n.d.,"946,04","23.369.534,27","21.369.534,27",2025-07-16-Volume%20Giornaliero%20Potabile.pdf,0,,"- 0,2%","-53.534,20"
1,ANCIPA,ENEL,"950,00","30.410.000,00","942,66","19.754.455,47","17.754.455,47",,,2025-02-2-Volume%20Giornaliero%20potabile.pdf,0,,,
1,ANCIPA,ENEL,"30.410.000,00","950,00","30.410.000,00",n.d.,"945,71","23.016.208,55","21.016.208,55",2025-07-22-Volume%20Giornaliero%20Potabile.pdf,0,,"- 0,2%","-64.241,04"
1,ANCIPA,ENEL,"939,00","30.410.000,00","940,20","17.179.469,81","15.179.469,81",(*),,2025-01-23-Volume%20Giornaliero%20potabile.pdf,0,,,
1,ANCIPA,ENEL,"30.410.000,00","950,00","30.410.000,00",n.d.,"947,46","24.889.905,55","22.889.905,55",2025-06-13-Volume%20Giornaliero%20Potabile.pdf,0,,"- 0,1%","-42.827,35"
1,ANCIPA,ENEL,"939,00","30.410.000,00","935,86","13.057.793,68","11.057.793,68",,,2025-01-15-Volume%20Giornaliero%20potabile.pdf,0,,,
1,ANCIPA,ENEL,"30.410.000,00","950,00","30.410.000,00",n.d.,"947,38","24.804.250,83","22.804.250,83",2025-06-22-Volume%20Giornaliero%20Potabile.pdf,0,(*),"+ 0,0%","0,00"
1,ANCIPA,ENEL,"30.410.000,00","950,00","30.410.000,00",n.d.,"947,54","24.975.560,27","22.975.560,27",2025-05-9-Volume%20Giornaliero%20Potabile.pdf,0,,"- 0,2%",
1,ANCIPA,ENEL,"30.410.000,00","950,00","30.410.000,00",n.d.,"944,76","21.999.058,90","19.999.058,90",2025-08-5-Volume%20Giornaliero%20Potabile.pdf,0,,"- 0,8%","-256.964,00"
1,ANCIPA,ENEL,"30.410.000,00","950,00","30.410.000,00",n.d.,"948,93","26.463.811,03","24.463.811,03",2025-04-15-Volume%20Giornaliero%20Potabile.pdf,0,,"- 0,2%",
1,ANCIPA,ENEL,"30.410.000,00","950,00","30.410.000,00",n.d.,"941,77","18.811.170,90","16.811.170,90",2025-08-16-Volume%20Giornaliero%20Potabile.pdf,0,,"- 1,1%","-327.529,40"
1,ANCIPA,ENEL,"30.410.000,00","950,00","30.410.000,00",n.d.,"948,12","25.596.556,99","23.596.556,99",2025-03-10-Volume%20Giornaliero%20potabile_Refuso.pdf,0,,"- 0,6%",
1,ANCIPA,ENEL,"30.410.000,00","950,00","30.410.000,00",n.d.,"945,96","23.283.879,55","21.283.879,55",2025-02-12-Volume%20Giornaliero%20potabile.pdf,0,,"+ 1,0%",
1,ANCIPA,ENEL,"30.410.000,00","950,00","30.410.000,00",n.d.,"943,14","20.266.090,20","18.266.090,20",2025-08-11-Volume%20Giornaliero%20Potabile.pdf,0,,"- 0,9%","-288.342,50"
1,ANCIPA,ENEL,"30.410.000,00","950,00","30.410.000,00",n.d.,"947,99","25.457.368,07","23.457.368,07",2025-05-18-Volume%20Giornaliero%20Potabile.pdf,0,,"+ 0,3%","96.361,57"
1,ANCIPA,ENEL,"30.410.000,00","950,00","30.410.000,00",n.d.,"940,45","17.435.625,90","15.435.625,90",2025-09-3-Volume%20Giornaliero%20Potabile.pdf,0,(**),"+ 0,0%","0,00"
1,ANCIPA,ENEL,"30.410.000,00","950,00","30.410.000,00",n.d.,"947,67","25.114.749,19","23.114.749,19",2025-05-16-Volume%20Giornaliero%20Potabile.pdf,0,,"+ 0,9%",
1,ANCIPA,ENEL,"30.410.000,00","950,00","30.410.000,00",n.d.,"942,32","19.393.084,05","17.393.084,05",2025-08-14-Volume%20Giornaliero%20Potabile.pdf,0,,"- 0,9%","-276.248,23"
1,ANCIPA,ENEL,"30.410.000,00","950,00","30.410.000,00",n.d.,"946,36","23.712.153,15","21.712.153,15",2025-07-10-Volume%20Giornaliero%20Potabile.pdf,0,,"- 0,1%","-44.534,20"
1,ANCIPA,ENEL,"30.410.000,00","950,00","30.410.000,00",n.d.,"943,96","21.142.640,50","19.142.640,50",2025-08-8-Volume%20Giornaliero%20Potabile.pdf,0,,"- 1,0%","-288.992,02"
1,ANCIPA,ENEL,"30.410.000,00","950,00","30.410.000,00",n.d.,"948,50","26.003.416,00","24.003.416,00",2025-03-03-Volume%20Giornaliero%20potabile.pdf,0,,"+ 0,4%",
1,ANCIPA,ENEL,"30.410.000,00","950,00","30.410.000,00",n.d.,"947,38","24.804.250,83","22.804.250,83",2025-06-24-Volume%20Giornaliero%20Potabile.pdf,0,(*),"+ 0,0%","0,00"
1,ANCIPA,ENEL,"30.410.000,00","950,00","30.410.000,00",n.d.,"947,10","24.504.459,31","22.504.459,31",2025-02-19-Volume%20Giornaliero%20potabile.pdf,0,,"+ 0,4%",
1,ANCIPA,ENEL,"30.410.000,00","950,00","30.410.000,00",n.d.,"947,38","24.804.250,83","22.804.250,83",2025-06-23-Volume%20Giornaliero%20Potabile.pdf,0,(*),"+ 0,0%","0,00"
1,ANCIPA,ENEL,"30.410.000,00","950,00","30.410.000,00",n.d.,"946,46","23.819.221,55","21.819.221,55",2025-07-8-Volume%20Giornaliero%20Potabile.pdf,0,,"+ 0,0%","10.706,84"
1,ANCIPA,ENEL,"939,00","30.410.000,00","941,76","18.800.630,26","16.800.630,26",,,2025-01-29-Volume%20Giornaliero%20potabile.pdf,0,,,
1,ANCIPA,ENEL,"30.410.000,00","950,00","30.410.000,00",n.d.,"947,52","24.954.146,59","22.954.146,59",2025-05-10-Volume%20Giornaliero%20Potabile.pdf,0,,"- 0,1%",
1,ANCIPA,ENEL,"30.410.000,00","950,00","30.410.000,00",n.d.,"946,35","23.701.446,31","21.701.446,31",2025-02-14-Volume%20Giornaliero%20potabile.pdf,0,,"+ 0,6%",
1,ANCIPA,ENEL,"30.410.000,00","950,00","30.410.000,00",n.d.,"949,47","27.041.980,39","25.041.980,39",2025-03-31-Volume%20Giornaliero%20Potabile.pdf,0,,"+ 2,8%",
1,ANCIPA,ENEL,"30.410.000,00","950,00","30.410.000,00",n.d.,"939,00","15.974.434,00","13.974.434,00",2025-09-23-Volume%20Giornaliero%20Potabile.pdf,0,,"- 0,3%","-79.068,00"
1,ANCIPA,ENEL,"30.410.000,00","950,00","30.410.000,00",n.d.,"948,05","25.521.609,11","23.521.609,11",2025-05-23-Volume%20Giornaliero%20Potabile.pdf,0,,"+ 0,0%","0,00"
1,ANCIPA,ENEL,"30.410.000,00","950,00","30.410.000,00",n.d.,"947,78","25.232.524,00","23.232.524,00",2025-04-22-Volume%20Giornaliero%20Potabile.pdf,0,,"- 0,5%",
1,ANCIPA,ENEL,"30.410.000,00","950,00","30.410.000,00",n.d.,"947,38","24.804.250,83","22.804.250,83",2025-06-18-Volume%20Giornaliero%20Potabile.pdf,0,(*),"+ 0,0%","0,00"
1,ANCIPA,ENEL,"30.410.000,00","950,00","30.410.000,00",n.d.,"948,97","26.506.638,40","24.506.638,40",2025-04-10-Volume%20Giornaliero%20Potabile.pdf,0,,"- 0,5%",
1,ANCIPA,ENEL,"30.410.000,00","950,00","30.410.000,00",n.d.,"948,40","25.896.348,51","23.896.348,51",2025-03-02-Volume%20Giornaliero%20potabile.pdf,0,,"+ 0,5%",
1,ANCIPA,ENEL,"30.410.000,00","950,00","30.410.000,00",n.d.,"947,57","25.007.680,79","23.007.680,79",2025-06-10-Volume%20Giornaliero%20Potabile_rev.pdf,0,,"- 0,1%","-32.120,52"
1,ANCIPA,ENEL,"30.410.000,00","950,00","30.410.000,00",n.d.,"948,76","26.281.794,75","24.281.794,75",2025-04-16-Volume%20Giornaliero%20Potabile.pdf,0,,"- 0,6%",
1,ANCIPA,ENEL,"30.410.000,00","950,00","30.410.000,00",n.d.,"940,83","17.827.903,14","15.827.903,14",2025-08-23-Volume%20Giornaliero%20Potabile.pdf,0,,"- 0,2%","-72.600,64"
1,ANCIPA,ENEL,"30.410.000,00","950,00","30.410.000,00",n.d.,"948,23","25.714.332,23","23.714.332,23",2025-03-25-Volume%20Giornaliero%20potabile.pdf,0,,"+ 0,0%",
1,ANCIPA,ENEL,"30.410.000,00","950,00","30.410.000,00",n.d.,"945,67","22.973.381,19","20.973.381,19",2025-07-24-Volume%20Giornaliero%20Potabile.pdf,0,(*),"+ 0,0%","0,00"
1,ANCIPA,ENEL,"30.410.000,00","950,00","30.410.000,00",n.d.,"948,58","26.089.071,63","24.089.071,63",2025-03-04-Volume%20Giornaliero%20potabile.pdf,0,,"+ 0,3%",
1,ANCIPA,ENEL,"30.410.000,00","950,00","30.410.000,00",n.d.,"947,38","24.804.250,83","22.804.250,83",2025-07-3-Volume%20Giornaliero%20Potabile.pdf,0,(*),"+ 0,0%","0,00"
1,ANCIPA,ENEL,"30.410.000,00","950,00","30.410.000,00",n.d.,"944,29","21.495.862,97","19.495.862,97",2025-02-9-Volume%20Giornaliero%20potabile.pdf,0,,"+ 2,36%",
1,ANCIPA,ENEL,"30.410.000,00","950,00","30.410.000,00",n.d.,"948,22","25.703.625,39","23.703.625,39",2025-03-19-Volume%20Giornaliero%20potabile.pdf,0,,"- 0,1%",
1,ANCIPA,ENEL,"30.410.000,00","950,00","30.410.000,00",n.d.,"947,55","24.986.267,11","22.986.267,11",2025-02-26-Volume%20Giornaliero%20potabile.pdf,0,,"+ 0,2%",
1,ANCIPA,ENEL,"30.410.000,00","950,00","30.410.000,00",n.d.,"946,54","23.904.876,27","21.904.876,27",2025-07-6-Volume%20Giornaliero%20Potabile.pdf,0,,"- 0,4%","-117.775,24"
1,ANCIPA,ENEL,"30.410.000,00","950,00","30.410.000,00",n.d.,"949,48","27.052.687,23","25.052.687,23",2025-04-1-Volume%20Giornaliero%20Potabile.pdf,0,,"+ 0,0%",
1,ANCIPA,ENEL,"30.410.000,00","950,00","30.410.000,00",n.d.,"947,38","24.804.250,83","22.804.250,83",2025-06-15-Volume%20Giornaliero%20Potabile.pdf,0,,"- 0,1%","-32.120,52"
1,ANCIPA,ENEL,"30.410.000,00","950,00","30.410.000,00",n.d.,"948,93","26.463.811,03","24.463.811,03",2025-04-12-Volume%20Giornaliero%20Potabile.pdf,0,,"+ 0,2%",
1,ANCIPA,ENEL,"30.410.000,00","950,00","30.410.000,00",n.d.,"945,93","22.716.417,03","20.716.417,03",2025-07-18-Volume%20Giornaliero.pdf,0,,"- 1,9%","-588.876,20"
1,ANCIPA,ENEL,"30.410.000,00","950,00","30.410.000,00",n.d.,"947,78","25.232.524,43","23.232.524,43",2025-06-04-Volume%20Giornaliero%20Potabile.pdf,0,,"+ 0,3%","85.654,72"
1,ANCIPA,ENEL,"30.410.000,00","950,00","30.410.000,00",n.d.,"948,76","26.281.794,75","24.281.794,75",2025-04-17-Volume%20Giornaliero%20Potabile.pdf,0,(*),"+ 0,0%",
1,ANCIPA,ENEL,"30.410.000,00","950,00","30.410.000,00",n.d.,"942,08","19.138.700,30","17.138.700,30",2025-08-15-Volume%20Giornaliero%20Potabile.pdf,0,,"- 0,8%","-254.383,75"
1,ANCIPA,ENEL,"30.410.000,00","950,00","30.410.000,00",n.d.,"947,69","25.136.162,87","23.136.162,87",2025-02-27-Volume%20Giornaliero%20potabile.pdf,0,,"+ 0,5%",
1,ANCIPA,ENEL,"939,00","30.410.000,00","938,05","15.051.883,62","13.051.883,62",,,2025-01-18-Volume%20Giornaliero%20potabile.pdf,0,,,
1,ANCIPA,ENEL,"30.410.000,00","950,00","30.410.000,00",n.d.,"949,39","26.956.325,67","24.956.325,67",2025-04-6-Volume%20Giornaliero%20Potabile.pdf,0,,"- 0,1%",
1,ANCIPA,ENEL,"950,00","30.410.000,00","943,07","20.191.390,77","18.191.390,77",,,2025-02-5-Volume%20Giornaliero%20potabile.pdf,0,,,
1,ANCIPA,ENEL,"30.410.000,00","950,00","30.410.000,00",n.d.,"947,38","24.804.250,83","22.804.250,83",2025-06-30-Volume%20Giornaliero%20Potabile.pdf,0,(*),"+ 0,0%","0,00"
1,ANCIPA,ENEL,"30.410.000,00","950,00","30.410.000,00",n.d.,"947,97","25.435.954,39","23.435.954,39",2025-05-28-Volume%20Giornaliero%20Potabile.pdf,0,,"- 0,1%","-21.413,68"
1,ANCIPA,ENEL,"30.410.000,00","950,00","30.410.000,00",n.d.,"945,11","22.373.798,15","20.373.798,15",2025-08-2-Volume%20Giornaliero%20Potabile.pdf,0,,"- 0,1%","-42.827,36"
1,ANCIPA,ENEL,"30.410.000,00","950,00","30.410.000,00",n.d.,"945,00","22.256.022,90","20.256.022,90",2025-08-4-Volume%20Giornaliero%20Potabile.pdf,0,,"- 0,1%","-21.413,69"
1,ANCIPA,ENEL,"30.410.000,00","950,00","30.410.000,00",n.d.,"947,78","25.232.524,00","23.232.524,00",2025-04-23-Volume%20Giornaliero%20Potabile_0.pdf,0,,"+ 0,0%",
1,ANCIPA,ENEL,"30.410.000,00","950,00","30.410.000,00",n.d.,"939,90","16.874.341,24","14.874.341,24",2025-09-8-Volume%20Giornaliero%20Potabile_0.pdf,0,,"- 0,1%","-20.285,76"
1,ANCIPA,ENEL,"950,00","30.410.000,00","942,08","19.138.700,30","17.138.700,30",,,2025-01-30-Volume%20Giornaliero%20potabile.pdf,0,,,
1,ANCIPA,ENEL,"939,00","30.410.000,00","940,20","17.179.469,81","15.179.469,81",,,2025-01-22-Volume%20Giornaliero%20potabile.pdf,0,,,
1,ANCIPA,ENEL,"30.410.000,00","950,00","30.410.000,00",n.d.,"947,71","25.157.576,55","23.157.576,55",2025-04-28-Volume%20Giornaliero%20Potabile.pdf,0,,"- 0,1%",
1,ANCIPA,ENEL,"30.410.000,00","950,00","30.410.000,00",n.d.,"948,16","25.639.384,35","23.639.384,35",2025-04-20-Volume%20Giornaliero%20Potabile.pdf,0,,"- 0,4%",
1,ANCIPA,ENEL,"30.410.000,00","950,00","30.410.000,00",n.d.,"949,41","26.977.739,35","24.977.739,35",2025-04-5-Volume%20Giornaliero%20Potabile.pdf,0,,"- 0,0%",
1,ANCIPA,ENEL,"30.410.000,00","950,00","30.410.000,00",n.d.,"945,21","22.480.866,55","20.480.866,55",2025-07-31-Volume%20Giornaliero%20Potabile.pdf,0,,"- 0,2%","-64.241,04"
1,ANCIPA,ENEL,"30.410.000,00","950,00","30.410.000,00",n.d.,"947,38","24.804.250,83","22.804.250,83",2025-06-27-Volume%20Giornaliero%20Potabile.pdf,0,(*),"+ 0,0%","0,00"
1,ANCIPA,ENEL,"30.410.000,00","950,00","30.410.000,00",n.d.,"946,45","23.808.514,71","21.808.514,71",2025-07-7-Volume%20Giornaliero%20Potabile.pdf,0,,"- 0,3%","-96.361,56"
1,ANCIPA,ENEL,"30.410.000,00","950,00","30.410.000,00",n.d.,"943,68","20.832.387,79","18.832.387,79",2025-08-9-Volume%20Giornaliero%20Potabile.pdf,0,,"- 1,0%","-310.252,71"
1,ANCIPA,ENEL,"30.410.000,00","950,00","30.410.000,00",n.d.,"947,71","25.157.576,55","23.157.576,55",2025-06-06-Volume%20Giornaliero%20Potabile.pdf,0,,"- 0,1%","-42.827,35"
1,ANCIPA,ENEL,"30.410.000,00","950,00","30.410.000,00",n.d.,"947,74","25.189.697,07","23.189.697,07",2025-04-27-Volume%20Giornaliero%20Potabile.pdf,0,,"- 0,0%",
1,ANCIPA,ENEL,"30.410.000,00","950,00","30.410.000,00",n.d.,"947,38","24.804.250,83","22.804.250,83",2025-06-19-Volume%20Giornaliero%20Potabile.pdf,0,(*),"+ 0,0%","0,00"
1,ANCIPA,ENEL,"30.410.000,00","950,00","30.410.000,00",n.d.,"939,76","16.732.850,37","14.732.850,37",2025-09-10-Volume%20Giornaliero%20Potabile.pdf,0,,"- 0,2%","-70.688,94"
1,ANCIPA,ENEL,"30.410.000,00","950,00","30.410.000,00",n.d.,"946,18","23.519.430,03","21.519.430,03",2025-02-13-Volume%20Giornaliero%20potabile.pdf,0,,"+ 0,8%",
1,ANCIPA,ENEL,"30.410.000,00","950,00","30.410.000,00",n.d.,"948,11","25.585.850,15","23.585.850,15",2025-03-11-Volume%20Giornaliero%20potabile.pdf,0,,"- 0,0%",
1,ANCIPA,ENEL,"30.410.000,00","950,00","30.410.000,00",n.d.,"947,42","24.847.078,19","22.847.078,19",2025-02-23-Volume%20Giornaliero%20potabile.pdf,0,,"+ 0,3%",
1,ANCIPA,ENEL,"30.410.000,00","950,00","30.410.000,00",n.d.,"947,28","24.697.182,43","22.697.182,43",2025-02-21-Volume%20Giornaliero%20potabile.pdf,0,,"+ 0,2%",
1,ANCIPA,ENEL,"30.410.000,00","950,00","30.410.000,00",n.d.,"939,40","16.371.506,77","14.371.506,77",2025-09-17-Volume%20Giornaliero%20Potabile.pdf,0,,"- 0,1%","-39.992,56"
1,ANCIPA,ENEL,"30.410.000,00","950,00","30.410.000,00",n.d.,"947,71","25.157.576,55","23.157.576,55",2025-05-3-Volume%20Giornaliero%20Potabile.pdf,0,,"- 0,0%",
ANCIPA,TROINA,"30,40","22,75","18,10","4,65","23,03",IRR. - POT. - ELETTR.,E.N.E.L.,,inv_2018-04.pdf,0,,,
ANCIPA,TROINA,"30,40","9,27","10,96","-1,69","8,39",IRR. - POT. - ELETTR.,E.N.E.L.,,inv_2018-11.pdf,0,,,
ANCIPA,TROINA,"30,40","10,96","12,87","-1,91","9,85",IRR. - POT. - ELETTR.,E.N.E.L.,,inv_2018-10.pdf,0,,,
ANCIPA,TROINA,"30,40","9,39","6,82","2,57","8,74",IRR. - POT. - ELETTR.,E.N.E.L.,,inv_2018-02.pdf,0,,,
ANCIPA,TROINA,"30,40","13,20","9,27","3,93","6,98",IRR. - POT. - ELETTR.,E.N.E.L.,,inv_2018-12.pdf,0,,,
ANCIPA,TROINA,"30,40","12,87","15,88","-3,01","12,31",IRR. - POT. - ELETTR.,E.N.E.L.,,inv_2018-09.pdf,0,,,
ANCIPA,TROINA,"30,40","18,10","9,39","8,71","16,06",IRR. - POT. - ELETTR.,E.N.E.L.,,inv_2018-03.pdf,0,,,
ANCIPA,TROINA,"30,40","23,97","22,38","1,59","16,79",IRR. - POT. - ELETTR.,E.N.E.L.,,inv_2018-07.pdf,0,,,
ANCIPA,TROINA,"30,40","22,38","22,77","-0,39","19,47",IRR. - POT. - ELETTR.,E.N.E.L.,,inv_2018-06.pdf,0,,,
ANCIPA,TROINA,"30,40","6,82","6,98","-0,16","2,96",IRR. - POT. - ELETTR.,E.N.E.L.,,inv_2018-01.pdf,0,,,
ANCIPA,TROINA,"30,40","15,88","23,97","-8,09","14,63",IRR. - POT. - ELETTR.,E.N.E.L.,,inv_2018-08.pdf,0,,,
ANCIPA,TROINA,"30,40","22,77","22,75","0,02","24,48",IRR. - POT. - ELETTR.,E.N.E.L.,,inv_2018-05.pdf,0,,,
ANCIPA,TROINA,"30,40","17,34","19,50","-2,16","14,19",IRR. - POT. - ELETTR.,E.N.E.L.,,Prospetto%20volumi%20invasi%20Settembre%202022.pdf.pdf,0,,,
ANCIPA,TROINA,"30,40","10,96","11,82","-0,86","11,19",IRR. - POT. - ELETTR.,E.N.E.L.,,Prospetto%20volumi%20invasi%20Dicembre%202022.pdf_0.pdf,0,,,
ANCIPA,TROINA,"30,40","22,88","22,68","0,20","7,90",IRR. - POT. - ELETTR.,E.N.E.L.,,inv_2022-02.pdf,0,,,
ANCIPA,TROINA,"30,40","23,06","25,50","-2,44","21,93",IRR. - POT. - ELETTR.,E.N.E.L.,,inv_2022-05.pdf,0,,,
ANCIPA,TROINA,"30,40","13,80","17,34","-3,54","12,03",IRR. - POT. - ELETTR.,E.N.E.L.,,Prospetto%20volumi%20invasi%20Ottobre%202022.pdf,0,,,
ANCIPA,TROINA,"30,40","22,01","22,88","-0,87","12,29",IRR. - POT. - ELETTR.,E.N.E.L.,,inv_2022-03.pdf,0,,,
ANCIPA,TROINA,"30,40","22,68","11,19","11,49","5,92",IRR. - POT. - ELETTR.,E.N.E.L.,,inv_2022-01_corretto%20Anno%202022.pdf,0,,,
ANCIPA,TROINA,"30,40","23,36","23,06","0,30","20,95",IRR. - POT. - ELETTR.,E.N.E.L.,,Prospetto%20volumi%20invasi%20Giugno%202022.pdf,0,,,
ANCIPA,TROINA,"30,40","25,50","22,01","3,49","19,31",IRR. - POT. - ELETTR.,E.N.E.L.,,inv_2022-04.pdf,0,,,
ANCIPA,TROINA,"30,40","21,76","23,36","-1,60","18,98",IRR. - POT. - ELETTR.,E.N.E.L.,,Prospetto%20volumi%20invasi%20Luglio%202022.pdf.pdf,0,,,
ANCIPA,TROINA,"30,40","11,82","13,80","-1,98","10,99",IRR. - POT. - ELETTR.,E.N.E.L.,,Prospetto%20volumi%20invasi%20Novembre%202022.pdf.pdf,0,,,
ANCIPA,TROINA,"30,40","19,50","21,76","-2,26","16,61",IRR. - POT. - ELETTR.,E.N.E.L.,,Prospetto%20volumi%20invasi%20Agosto%202022.pdf,0,,,
ANCIPA,TROINA,"30,40","17,85","15,39","2,46","9,03",IRR. - POT. - ELETTR,. E.N.E.L.,,inv_2011-05.pdf,0,,,
ANCIPA,TROINA,"30,40","3,45","3,31","0,14","8,82",IRR. - POT. - ELETTR,E.N.E.L.,,inv_2011-02.pdf,0,,,
ANCIPA,TROINA,"30,40","15,39","15,78","-0,39","9,19",IRR. - POT. - ELETTR,. E.N.E.L.,,inv_2011-04.pdf,0,,,
ANCIPA,TROINA,"30,40","14,70","17,00","-2,30","4,21",IRR. - POT. - ELETTR.,E.N.E.L.,,inv_2011-08.pdf,0,,,
ANCIPA,TROINA,"30,40","8,45","10,19","-1,74","2,68",IRR. - POT. - ELETTR.,E.N.E.L.,,inv_2011-11.pdf,0,,,
ANCIPA,TROINA,"30,40","12,35","14,70","-2,35","2,51",IRR. - POT. - ELETTR,E.N.E.L.,,inv_2011-09.pdf,0,,,
ANCIPA,TROINA,"30,40","6,80","8,45","-1,65","2,43",IRR. - POT. - ELETTR,. E.N.E.L.,,inv_2011-12.pdf,0,,,
ANCIPA,TROINA,"30,40","15,78","3,45","12,33","8,94",IRR. - POT. - ELETTR,. E.N.E.L.,,inv_2011-03.pdf,0,,,
ANCIPA,TROINA,"30,40","17,00","18,54","-1,54","6,03",IRR. - POT. - ELETTR,. E.N.E.L.,,inv_2011-07.pdf,0,,,
ANCIPA,TROINA,"30,40","18,54","17,85","0,69","7,58",IRR. - POT. - ELETTR,. E.N.E.L.,,inv_2011-06.pdf,0,,,
ANCIPA,TROINA,"30,40","10,19","12,35","-2,16","1,42",IRR. - POT. - ELETTR,E.N.E.L.,,inv_2011-10.pdf,0,,,
ANCIPA,TROINA,"30,40","3,31","2,43","0,88","8,97",IRR. - POT. - ELETTR.,E.N.E.L.,,inv_2011-01.pdf,0,,,
ANCIPA,TROINA,"30,40","12,31","14,63","-2,32","8,87",IRR. - POT. - ELETTR.,E.N.E.L.,,inv_2017-09.pdf,0,,,
ANCIPA,TROINA,"30,40","2,96","3,53","-0,57","13,99",IRR. - POT. - ELETTR.,E.N.E.L.,,inv_2017-01.pdf,0,,,
ANCIPA,TROINA,"30,40","16,79","19,47","-2,68","19,40",IRR. - POT. - ELETTR.,E.N.E.L.,,inv_2017-07.pdf,0,,,
ANCIPA,TROINA,"30,40","24,48","23,03","1,45","25,60",IRR. - POT. - ELETTR.,E.N.E.L.,,inv_2017-05.pdf,0,,,
ANCIPA,TROINA,"30,40","9,85","12,31","-2,46","6,79",IRR. - POT. - ELETTR.,E.N.E.L.,,inv_2017-10.pdf,0,,,
ANCIPA,TROINA,"30,40","6,98","8,39","-1,41","3,53",IRR. - POT. - ELETTR.,E.N.E.L.,,inv_2017-12.pdf,0,,,
ANCIPA,TROINA,"30,40","16,06","8,74","7,32","16,93",IRR. - POT. - ELETTR.,E.N.E.L.,,inv_2017-03.pdf,0,,,
ANCIPA,TROINA,"30,40","14,63","16,79","-2,16","11,23",IRR. - POT. - ELETTR.,E.N.E.L.,,inv_2017-08.pdf,0,,,
ANCIPA,TROINA,"30,40","23,03","16,06","6,97","25,49",IRR. - POT. - ELETTR.,E.N.E.L.,,inv_2017-04.pdf,0,,,
ANCIPA,TROINA,"30,40","19,47","24,48","-5,01","25,36",IRR. - POT. - ELETTR.,E.N.E.L.,,inv_2017-06.pdf,0,,,
ANCIPA,TROINA,"30,40","8,39","9,85","-1,46","4,83",IRR. - POT. - ELETTR.,E.N.E.L.,,inv_2017-11.pdf,0,,,
ANCIPA,TROINA,"30,40","8,74","2,96","5,78","17,38",IRR. - POT. - ELETTR.,E.N.E.L.,,inv_2017-02.pdf,0,,,
ANCIPA,TROINA,"30,40","7,41","9,18","-1,77","7,79",IRR. - POT. - ELETTR.,E.N.E.L.,,inv_2015-10.pdf,0,,,
ANCIPA,TROINA,"30,40","12,48","7,74","4,74","6,21",IRR. - POT. - ELETTR.,E.N.E.L.,,inv_2015-12.pdf,0,,,
ANCIPA,TROINA,"30,40","21,00","26,41","-5,41","26,68",IRR. - POT. - ELETTR.,E.N.E.L.,,inv_2015-05.pdf,0,,,
ANCIPA,TROINA,"30,40","26,15","19,11","7,04","13,71",IRR. - POT. - ELETTR.,E.N.E.L.,,inv_2015-03.pdf,0,,,
ANCIPA,TROINA,"30,40","19,11","7,07","12,04","8,61",IRR. - POT. - ELETTR.,E.N.E.L.,,inv_2015-02.pdf,0,,,
ANCIPA,TROINA,"30,40","13,30","20,49","-7,19","22,91",IRR. - POT. - ELETTR.,E.N.E.L.,,inv_2015-07.pdf,0,,,
ANCIPA,TROINA,"30,40","20,49","21,00","-0,51","26,01",IRR. - POT. - ELETTR.,E.N.E.L.,,inv_2015-06.pdf,0,,,
ANCIPA,TROINA,"30,40","7,07","6,21","0,86","7,39",IRR. - POT. - ELETTR.,E.N.E.L.,,inv_2015-01.pdf,0,,,
ANCIPA,TROINA,"30,40","26,41","26,15","0,26","22,25",IRR. - POT. - ELETTR.,E.N.E.L.,,inv_2015-04.pdf,0,,,
ANCIPA,TROINA,"30,40","9,18","11,43","-2,25","9,91",IRR. - POT. - ELETTR.,E.N.E.L.,,inv_2015-09.pdf,0,,,
ANCIPA,TROINA,"30,40","11,43","13,30","-1,87","14,24",IRR. - POT. - ELETTR.,E.N.E.L.,,inv_2015-08.pdf,0,,,
ANCIPA,TROINA,"30,40","7,74","7,41","0,33","5,95",IRR. - POT. - ELETTR.,E.N.E.L.,,inv_2015-11.pdf,0,,,
1,Ancipa,ENEL,,"30.410.000,00","904,64","847.699,95",,,,Situazione_volumi_invasati_AdB_Sicilia_28_Ott_2024_0.pdf,0,,,
Ancipa,ENEL,,"30.410.000,00","928,34","7 .631.724,00","3.831.724,00",,,,Situazione_volumi_invasati_AdB_Sicilia_13_Mag_2024.pdf,0,,,
Ancipa,ENEL,,"30.410.000,00","927,20","6 .985.334,00","3.185.334,00",,,,Situazione_volumi_invasati_AdB_Sicilia_27_Mag_2024.pdf,0,,,
Ancipa,ENEL,,"30.410.000,00","929,39","8.264.056,00","4.464.056,00",,,,Situazione_volumi_invasati_AdB_Sicilia_29_Gen_2024.pdf,0,,,
Ancipa,ENEL,,"30.410.000,00","920,25","3.858.092,00","1.858.092,00",,,,0_Situazione_volumi_invasati_AdB_Sicilia_29_Lug_2024.pdf,0,,,
Ancipa,ENEL,,"30.410.000,00","919,05","3.459.720,00","1.459.720,00",,,,Situazione_volumi_invasati_AdB_Sicilia_5_ago_2024.pdf,0,,,
1,Ancipa,ENEL,,"30.410.000,00","908,18","1.265.883,00",,,,0__Situazione_volumi_invasati_AdB_Sicilia_07_Ott_2024.pdf,0,,,
Ancipa,ENEL,,"30.410.000,00","931,82","9.868.891,00","6.068.891,00",,,,Situazione_volumi_invasati_AdB_Sicilia_01_Gennaio_2024.pdf,0,,,
Ancipa,ENEL,,"30.410.000,00","929,16","8 .122.495,00","4.322.495,00",,,,Situazione_volumi_invasati_AdB_Sicilia_22_Apr_2024.pdf,0,,,
Ancipa,ENEL,,"30.410.000,00","924,48","5.589.747,00","3.589.747,00",,,,1_Situazione_volumi_invasati_AdB_Sicilia_24_Giu_2024.pdf,0,,,
1,Ancipa,ENEL,,"30.410.000,00","914,98","2.403.117,46",403.117,,,_Situazione_volumi_invasati_AdB_Sicilia_16_Dic_2024.pdf,0,,,
Ancipa,ENEL,,"30.410.000,00","931,12","9.383.478,00","5.583.478,00",,,,Situazione_volumi_invasati_AdB_Sicilia_08_Gennaio_2024.pdf,0,,,
Ancipa,ENEL,,"30.410.000,00","914,19","2.243.694,00","243.694,00",,,,Situazione_invasi_2_settembre_2024.pdf,0,,,
Ancipa,ENEL,,"30.410.000,00","929,37","8 .251.697,00","4.451.697,00",,,,Situazione_volumi_invasati_AdB_Sicilia_15_Apr_2024-1.pdf,0,,,
Ancipa,ENEL,,"30.410.000,00","929,89","8 .577.415,00","4.777.415,00",,,,Situazione_volumi_invasati_AdB_Sicilia_08_Apr_2024.pdf,0,,,
1,Ancipa,ENEL,,"30.410.000,00","920,36","3.896.410,02",1.896.410,,,_Situazione_volumi_invasati_AdB_Sicilia_23_Dic_2024.pdf,0,,,
1,Ancipa,ENEL,,"30.410.000,00","902,20","607.681,03",,,,0__Situazione_volumi_invasati_AdB_Sicilia_02_Dic_2024.pdf,0,,,
Ancipa,ENEL,,"30.410.000,00","930,74","9.128.802,00","5.328.802,00",,,,Situazione_volumi_invasati_AdB_Sicilia_25_Mar_2024.pdf,0,,,
1,Ancipa,ENEL,,"30.410.000,00","906,85","1.097.324,62",,,,_Situazione_volumi_invasati_AdB_Sicilia_14_Ott_2024_0.pdf,0,,,
Ancipa,ENEL,,"30.410.000,00","928,93","7 .982.614,00","4.182.614,00",,,,Situazione_volumi_invasati_AdB_Sicilia_29_Apr_2024.pdf,0,,,
1,Ancipa,ENEL,,"30.410.000,00","900,90","495.641,69",,,,_Situazione_volumi_invasati_AdB_Sicilia_18_Nov_2024.pdf,0,,,
Ancipa,ENEL,,"30.410.000,00","930,00","8.647.405,00","4.847.405,00",,,,Situazione_volumi_invasati_AdB_Sicilia_22_Gen_2024.pdf,0,,,
Ancipa,ENEL,,"30.410.000,00","930,38","8.892.232,00","5.092.232,00",,,,Situazione_volumi_invasati_AdB_Sicilia_01_Apr_2024.pdf,0,,,
1,Ancipa,ENEL,,"30.410.000,00","927,32","7.051.627,43",5.051.627,,,_Situazione_volumi_invasati_AdB_Sicilia_30_Dic_2024.pdf,0,,,
1,Ancipa,ENEL,,"30.410.000,00","903,15","696.269,06",,,,_Situazione_volumi_invasati_AdB_Sicilia_04_Nov_2024.pdf,0,,,
Ancipa,ENEL,,"30.410.000,00","923,03","4.932.492,00","2.932.492,00",,,,0_Situazione_volumi_invasati_AdB_Sicilia_08_Lug_2024.pdf,0,,,
Ancipa,ENEL,,"30.410.000,00","926,65","6.686.756,00","4.686.756,00",,,,4_Situazione_volumi_invasati_AdB_Sicilia_03_Giu_2024.pdf,0,,,
Ancipa,ENEL,,"30.410.000,00","925,95","6.318.334,00","4.318.334,00",,,,3_Situazione_volumi_invasati_AdB_Sicilia_10_Giu_2024.pdf,0,,,
1,Ancipa,ENEL,,"30,410,000.00",911.84,"1,811,887.18",,,,16set_2024.pdf,0,,,
Ancipa,ENEL,,"30.410.000,00","923,75","5.250.291,00","3.250.291,00",,,,1_Situazione_volumi_invasati_AdB_Sicilia_01_Lug_2024.pdf,0,,,
Ancipa,ENEL,,"30.410.000,00","917,00","2.865.656,00","865.656,00",,,,Situazione_volumi_invasati_AdB_Sicilia_19_ago_2024.pdf,0,,,
Ancipa,ENEL,,"30.410.000,00","913,00","2.016.076,70","16.076,70",,,,Situazione_invasi_9_settembre_2024.pdf,0,,,
1,Ancipa,ENEL,,"30.410.000,00","901,66","560.129,83",,,,_Situazione_volumi_invasati_AdB_Sicilia_11_Nov_2024.pdf,0,,,
Ancipa,ENEL,,"30.410.000,00","928,53","7.743.459,00","3.943.459,00",,,,Situazione_volumi_invasati_AdB_Sicilia_04_Mar_2024.pdf,0,,,
Ancipa,ENEL,,"30.410.000,00","922,05","4.527.477,00","2.527.477,00",,,,2_Situazione_volumi_invasati_AdB_Sicilia_15_Lug_2024.pdf,0,,,
Ancipa,ENEL,,"30.410.000,00","915,60","2.533.727,00","533.727,00",,,,Situazione_volumi_invasati_AdB_Sicilia_26_ago_2024.pdf,0,,,
Ancipa,ENEL,,"30.410.000,00","928,57","7.767.137,00","3.967.137,00",,,,Situazione_volumi_invasati_AdB_Sicilia_05_Feb_2024.pdf,0,,,
Ancipa,ENEL,,"30.410.000,00","928,66","7 .820.611,00","4.020.611,00",,,,Situazione_volumi_invasati_AdB_Sicilia_06_Mag_2024.pdf,0,,,
1,Ancipa,ENEL,,"30.410.000,00","910,78","1.640.952,43",,,,_Situazione_volumi_invasati_AdB_Sicilia_23_set_2024.pdf,0,,,
Ancipa,ENEL,,"30.410.000,00","927,87","7.360.578,00","3.560.578,00",,,,Situazione_volumi_invasati_AdB_Sicilia_12_Feb_2024.pdf,0,,,
Ancipa,ENEL,,"30.410.000,00","925,25","5.963.624,00","3.963.624,00",,,,2_Situazione_volumi_invasati_AdB_Sicilia_17_Giu_2024.pdf,0,,,
Ancipa,ENEL,,"30.410.000,00","918,10","3.168.650,00","1.168.650,00",,,,Situazione_volumi_invasati_AdB_Sicilia_12_ago_2024.pdf,0,,,
1,Ancipa,ENEL,,"30.410.000,00","913,66","2.140.271,08",140.271,,,Situazione_volumi_invasati_AdB_Sicilia_09_Dic_2024.pdf,0,,,
Ancipa,ENEL,,"30.410.000,00","930,59","9.029.699,00","5.229.699,00",,,,Situazione_volumi_invasati_AdB_Sicilia_15_Gen_2024.pdf,0,,,
1,Ancipa,ENEL,,"30.410.000,00","898,10","287.994,41",,,,Situazione_volumi_invasati_AdB_Sicilia_25_Novembre_2024.pdf,0,,,
Ancipa,ENEL,,"30.410.000,00","927,10","6.930.430,00","3.130.430,00",,,,Situazione_volumi_invasati_AdB_Sicilia_19_Feb_2024.pdf,0,,,
Ancipa,ENEL,,"30.410.000,00","930,95","9.268.887,00","5.468.887,00",,,,0_Situazione_volumi_invasati_AdB_Sicilia_18_Mar_2024_0.pdf,0,,,
Ancipa,ENEL,,"30.410.000,00","927,10","6.930.430,00","3.130.430,00",,,,Situazione_volumi_invasati_AdB_Sicilia_26_Feb_2024.pdf,0,,,
Ancipa,ENEL,,"30.410.000,00","927,86","7 .354.887,00","3.554.887,00",,,,Situazione_volumi_invasati_AdB_Sicilia_20_Mag_2024.pdf,0,,,
Ancipa,ENEL,,"30.410.000,00","921,18","4.192.315,00","2.192.315,00",,,,1_Situazione_volumi_invasati_AdB_Sicilia_22_Lug_2024.pdf,0,,,
1,Ancipa,ENEL,,"30.410.000,00","909,55","1.457.207,86",,,,1__Situazione_volumi_invasati_AdB_Sicilia_30_Set_2024.pdf,0,,,
1,Ancipa,ENEL,,"30.410.000,00","906,08","1.006.313,34",,,,_Situazione_volumi_invasati_AdB_Sicilia_21_Ott_2024_0.pdf,0,,,
Ancipa,ENEL,,"30.410.000,00","930,92","9.248.762,00","5.448.762,00",,,,1_Situazione_volumi_invasati_AdB_Sicilia_11_Mar_2024_0.pdf,0,,,
