0,1,2,3,4,5,6,7,8,9,source_pdf
,,,MONITORAGGIO GIORNALIERO VOLUMI INVASATI AD USO POTABILE,,,,,,,2025-01-15-Volume%20Giornaliero%20potabile.pdf
,,,,15 gennaio 2025,,,,,,2025-01-15-Volume%20Giornaliero%20potabile.pdf
,,,Quota autorizzata,Volume autorizzato,Quota,Volume,Volume utile netto,,,2025-01-15-Volume%20Giornaliero%20potabile.pdf
n.,Invaso,Ente Gestore,,,,,per utilizzatori,Note,rend,2025-01-15-Volume%20Giornaliero%20potabile.pdf
,,,,,,,,,T,2025-01-15-Volume%20Giornaliero%20potabile.pdf
,,,[m s.l.m.],[m 3 ],[m s.l.m.],[m 3 ],[m 3 ],,,2025-01-15-Volume%20Giornaliero%20potabile.pdf
1,ANCIPA,ENEL,"939,00","30.410.000,00","935,86","13.057.793,68","11.057.793,68",,,2025-01-15-Volume%20Giornaliero%20potabile.pdf
2,CASTELLO,DRAR,"292,65","19.493.500,00","277,66",4.920.600,1.402.390,,,2025-01-15-Volume%20Giornaliero%20potabile.pdf
3,FANACO,SICILIACQUE,"677,50","20.700.000,00","648,35","486.737,00","486.737,00",(*),,2025-01-15-Volume%20Giornaliero%20potabile.pdf
,GARCIA,,,,,,,,,2025-01-15-Volume%20Giornaliero%20potabile.pdf
4,,C.B.Occidentale,"190,00","61.000.000,00","173,18","10.160.000,00","4.160.000,00",(*),,2025-01-15-Volume%20Giornaliero%20potabile.pdf
,(Mario Francese),,,,,,,,,2025-01-15-Volume%20Giornaliero%20potabile.pdf
,PIANA DEGLI,,,,,,,,,2025-01-15-Volume%20Giornaliero%20potabile.pdf
5,,ENEL,"609,00","25.000.000,00","600,16","6.249.808,92","4.249.808,92",,,2025-01-15-Volume%20Giornaliero%20potabile.pdf
,ALBANESI,,,,,,,,,2025-01-15-Volume%20Giornaliero%20potabile.pdf
,PIANO DEL,,,,,,,,,2025-01-15-Volume%20Giornaliero%20potabile.pdf
6,,SICILIACQUE,"828,00","4.150.000,00","821,10","1.330.000,00","330.000,00",(*),,2025-01-15-Volume%20Giornaliero%20potabile.pdf
,LEONE,,,,,,,,,2025-01-15-Volume%20Giornaliero%20potabile.pdf
7,POMA,DRAR,"195,60","72.300.000,00","177,94",17.395.000,9.373.132,,,2025-01-15-Volume%20Giornaliero%20potabile.pdf
8,PRIZZI,ENEL,"638,00","9.250.000,00","627,85","1.688.226,81","188.226,81",,,2025-01-15-Volume%20Giornaliero%20potabile.pdf
,RAGOLETO,BIORAFFINERIE,,,,,,,,2025-01-15-Volume%20Giornaliero%20potabile.pdf
9,,,"326,00","17.160.198,00","309,02","4.088.021,00","447.844,00",,,2025-01-15-Volume%20Giornaliero%20potabile.pdf
,(Dirillo),DI GELA,,,,,,,,2025-01-15-Volume%20Giornaliero%20potabile.pdf
10,ROSAMARINA,DRAR,"164,00","73.034.250,00","137,85",10.573.379,1.692.238,,,2025-01-15-Volume%20Giornaliero%20potabile.pdf
11 SANTA ROSALIA,,DRAR,"378,05","21.080.000,00","363,82",7.275.576,2.288.520,,,2025-01-15-Volume%20Giornaliero%20potabile.pdf
12,SCANZANO,DRAR,"517,00","7.312.775,00","512,93",4.195.202,3.171.335,,,2025-01-15-Volume%20Giornaliero%20potabile.pdf
,,,TOTALE,"360.890.723,00",/,"81.420.344,29","38.848.025,05",,,2025-01-15-Volume%20Giornaliero%20potabile.pdf
,,,MONITORAGGIO GIORNALIERO VOLUMI INVASATI AD USO POTABILE,,,,,,,2025-01-16-Volume%20Giornaliero%20potabile.pdf
,,,,16 gennaio 2025,,,,,,2025-01-16-Volume%20Giornaliero%20potabile.pdf
,,,Quota autorizzata,Volume autorizzato,Quota,Volume,Volume utile netto,,,2025-01-16-Volume%20Giornaliero%20potabile.pdf
n.,Invaso,Ente Gestore,,,,,per utilizzatori,Note,rend,2025-01-16-Volume%20Giornaliero%20potabile.pdf
,,,,,,,,,T,2025-01-16-Volume%20Giornaliero%20potabile.pdf
,,,[m s.l.m.],[m 3 ],[m s.l.m.],[m 3 ],[m 3 ],,,2025-01-16-Volume%20Giornaliero%20potabile.pdf
1,ANCIPA,ENEL,"939,00","30.410.000,00","936,20","13.355.034,78","11.355.034,78",,,2025-01-16-Volume%20Giornaliero%20potabile.pdf
2,CASTELLO,DRAR,"292,65","19.493.500,00","277,66",4.920.600,1.402.390,,,2025-01-16-Volume%20Giornaliero%20potabile.pdf
3,FANACO,SICILIACQUE,"677,50","20.700.000,00","648,35","486.737,00","486.737,00",(*),,2025-01-16-Volume%20Giornaliero%20potabile.pdf
,GARCIA,,,,,,,,,2025-01-16-Volume%20Giornaliero%20potabile.pdf
4,,C.B.Occidentale,"190,00","61.000.000,00","173,32","10.344.000,00","4.344.000,00",,,2025-01-16-Volume%20Giornaliero%20potabile.pdf
,(Mario Francese),,,,,,,,,2025-01-16-Volume%20Giornaliero%20potabile.pdf
,PIANA DEGLI,,,,,,,,,2025-01-16-Volume%20Giornaliero%20potabile.pdf
5,,ENEL,"609,00","25.000.000,00","600,23","6.340.497,13","4.340.497,13",,,2025-01-16-Volume%20Giornaliero%20potabile.pdf
,ALBANESI,,,,,,,,,2025-01-16-Volume%20Giornaliero%20potabile.pdf
,PIANO DEL,,,,,,,,,2025-01-16-Volume%20Giornaliero%20potabile.pdf
6,,SICILIACQUE,"828,00","4.150.000,00","821,10","1.330.000,00","330.000,00",(*),,2025-01-16-Volume%20Giornaliero%20potabile.pdf
,LEONE,,,,,,,,,2025-01-16-Volume%20Giornaliero%20potabile.pdf
7,POMA,DRAR,"195,60","72.300.000,00","178,03",17.552.500,9.530.632,,,2025-01-16-Volume%20Giornaliero%20potabile.pdf
8,PRIZZI,ENEL,"638,00","9.250.000,00","627,87","1.695.435,32","195.435,32",,,2025-01-16-Volume%20Giornaliero%20potabile.pdf
,RAGOLETO,BIORAFFINERIE,,,,,,,,2025-01-16-Volume%20Giornaliero%20potabile.pdf
9,,,"326,00","17.160.198,00","309,09","4.123.555,00","623.267,00",,,2025-01-16-Volume%20Giornaliero%20potabile.pdf
,(Dirillo),DI GELA,,,,,,,,2025-01-16-Volume%20Giornaliero%20potabile.pdf
10,ROSAMARINA,DRAR,"164,00","73.034.250,00","137,88",10.610.610,1.729.470,,,2025-01-16-Volume%20Giornaliero%20potabile.pdf
11 SANTA ROSALIA,,DRAR,"378,05","21.080.000,00","363,84",7.288.638,2.301.582,,,2025-01-16-Volume%20Giornaliero%20potabile.pdf
12,SCANZANO,DRAR,"517,00","7.312.775,00","513,10",4.306.672,3.282.805,,,2025-01-16-Volume%20Giornaliero%20potabile.pdf
,,,TOTALE,"360.890.723,00",/,"82.354.279,41","39.921.849,41",,,2025-01-16-Volume%20Giornaliero%20potabile.pdf
,,,,17 gennaio 2025,,,,,,2025-01-17-Volume%20Giornaliero%20potabile.pdf
,,,Quota autorizzata,Volume autorizzato,Quota rilevata,Volume,Volume utile netto,,,2025-01-17-Volume%20Giornaliero%20potabile.pdf
n.,Invaso,Ente Gestore,,,,,per utilizzatori,Note,rend,2025-01-17-Volume%20Giornaliero%20potabile.pdf
,,,,,,,,,T,2025-01-17-Volume%20Giornaliero%20potabile.pdf
,,,[m s.l.m.],[m 3 ],[m s.l.m.],[m 3 ],[m 3 ],,,2025-01-17-Volume%20Giornaliero%20potabile.pdf
1,ANCIPA,ENEL,"939,00","30.410.000,00","936,90","13.981.107,19","11.981.107,19",,,2025-01-17-Volume%20Giornaliero%20potabile.pdf
2,CASTELLO,DRAR,"292,65","19.493.500,00","277,68",4.932.800,1.414.590,,,2025-01-17-Volume%20Giornaliero%20potabile.pdf
3,FANACO,SICILIACQUE,"677,50","20.700.000,00","648,35","486.737,00","486.737,00",(*),,2025-01-17-Volume%20Giornaliero%20potabile.pdf
,GARCIA,,,,,,,,,2025-01-17-Volume%20Giornaliero%20potabile.pdf
4,,C.B.Occidentale,"190,00","61.000.000,00","173,43","10.531.000,00","4.531.000,00",,,2025-01-17-Volume%20Giornaliero%20potabile.pdf
,(Mario Francese),,,,,,,,,2025-01-17-Volume%20Giornaliero%20potabile.pdf
,PIANA DEGLI,,,,,,,,,2025-01-17-Volume%20Giornaliero%20potabile.pdf
5,,ENEL,"609,00","25.000.000,00","600,26","6.379.547,13","4.379.547,13",,,2025-01-17-Volume%20Giornaliero%20potabile.pdf
,ALBANESI,,,,,,,,,2025-01-17-Volume%20Giornaliero%20potabile.pdf
,PIANO DEL,,,,,,,,,2025-01-17-Volume%20Giornaliero%20potabile.pdf
6,,SICILIACQUE,"828,00","4.150.000,00","821,10","1.330.000,00","330.000,00",(*),,2025-01-17-Volume%20Giornaliero%20potabile.pdf
,LEONE,,,,,,,,,2025-01-17-Volume%20Giornaliero%20potabile.pdf
7,POMA,DRAR,"195,60","72.300.000,00","178,10",17.675.000,9.653.132,,,2025-01-17-Volume%20Giornaliero%20potabile.pdf
8,PRIZZI,ENEL,"638,00","9.250.000,00","627,92","1.713.529,57","213.529,57",,,2025-01-17-Volume%20Giornaliero%20potabile.pdf
,RAGOLETO,BIORAFFINERIE,,,,,,,,2025-01-17-Volume%20Giornaliero%20potabile.pdf
9,,,"326,00","17.160.198,00","309,18","4.169.240,00","668.952,00",,,2025-01-17-Volume%20Giornaliero%20potabile.pdf
,(Dirillo),DI GELA,,,,,,,,2025-01-17-Volume%20Giornaliero%20potabile.pdf
10,ROSAMARINA,DRAR,"164,00","73.034.250,00","137,92",10.660.354,1.779.214,,,2025-01-17-Volume%20Giornaliero%20potabile.pdf
11 SANTA ROSALIA,,DRAR,"378,05","21.080.000,00","363,88",7.314.763,2.327.707,,,2025-01-17-Volume%20Giornaliero%20potabile.pdf
12,SCANZANO,DRAR,"517,00","7.312.775,00","513,29",4.432.365,3.408.498,,,2025-01-17-Volume%20Giornaliero%20potabile.pdf
,,,TOTALE,"360.890.723,00",/,"83.606.443,18","41.174.013,18",,,2025-01-17-Volume%20Giornaliero%20potabile.pdf
,,,MONITORAGGIO GIORNALIERO VOLUMI INVASATI AD USO POTABILE,,,,,,,2025-01-18-Volume%20Giornaliero%20potabile.pdf
,,,,18 gennaio 2025,,,,,,2025-01-18-Volume%20Giornaliero%20potabile.pdf
,,,Quota autorizzata,Volume autorizzato,Quota rilevata,Volume,Volume utile netto,,,2025-01-18-Volume%20Giornaliero%20potabile.pdf
n.,Invaso,Ente Gestore,,,,,per utilizzatori,Note,rend,2025-01-18-Volume%20Giornaliero%20potabile.pdf
,,,,,,,,,T,2025-01-18-Volume%20Giornaliero%20potabile.pdf
,,,[m s.l.m.],[m 3 ],[m s.l.m.],[m 3 ],[m 3 ],,,2025-01-18-Volume%20Giornaliero%20potabile.pdf
1,ANCIPA,ENEL,"939,00","30.410.000,00","938,05","15.051.883,62","13.051.883,62",,,2025-01-18-Volume%20Giornaliero%20potabile.pdf
2,CASTELLO,DRAR,"292,65","19.493.500,00","277,95",5.097.500,1.579.290,,,2025-01-18-Volume%20Giornaliero%20potabile.pdf
3,FANACO,SICILIACQUE,"677,50","20.700.000,00","651,80","1.113.286,00","1.113.286,00",,,2025-01-18-Volume%20Giornaliero%20potabile.pdf
,GARCIA,,,,,,,,,2025-01-18-Volume%20Giornaliero%20potabile.pdf
4,,C.B.Occidentale,"190,00","61.000.000,00","173,95","11.415.000,00","5.415.000,00",,,2025-01-18-Volume%20Giornaliero%20potabile.pdf
,(Mario Francese),,,,,,,,,2025-01-18-Volume%20Giornaliero%20potabile.pdf
,PIANA DEGLI,,,,,,,,,2025-01-18-Volume%20Giornaliero%20potabile.pdf
5,,ENEL,"609,00","25.000.000,00","600,69","6.951.750,15","4.951.750,15",,,2025-01-18-Volume%20Giornaliero%20potabile.pdf
,ALBANESI,,,,,,,,,2025-01-18-Volume%20Giornaliero%20potabile.pdf
,PIANO DEL,,,,,,,,,2025-01-18-Volume%20Giornaliero%20potabile.pdf
6,,SICILIACQUE,"828,00","4.150.000,00","822,30","1.690.000,00","440.000,00",,,2025-01-18-Volume%20Giornaliero%20potabile.pdf
,LEONE,,,,,,,,,2025-01-18-Volume%20Giornaliero%20potabile.pdf
7,POMA,DRAR,"195,60","72.300.000,00","178,37",18.147.500,10.125.632,,,2025-01-18-Volume%20Giornaliero%20potabile.pdf
8,PRIZZI,ENEL,"638,00","9.250.000,00","628,49","1.927.841,87","427.841,87",,,2025-01-18-Volume%20Giornaliero%20potabile.pdf
,RAGOLETO,BIORAFFINERIE,,,,,,,,2025-01-18-Volume%20Giornaliero%20potabile.pdf
9,,,"326,00","17.160.198,00","309,18","4.169.240,00","668.952,00",(*),,2025-01-18-Volume%20Giornaliero%20potabile.pdf
,(Dirillo),DI GELA,,,,,,,,2025-01-18-Volume%20Giornaliero%20potabile.pdf
10,ROSAMARINA,DRAR,"164,00","73.034.250,00","138,75",11.723.008,2.841.868,,,2025-01-18-Volume%20Giornaliero%20potabile.pdf
11 SANTA ROSALIA,,DRAR,"378,05","21.080.000,00","364,56",7.767.802,2.780.746,,,2025-01-18-Volume%20Giornaliero%20potabile.pdf
12,SCANZANO,DRAR,"517,00","7.312.775,00","514,45",5.234.768,4.210.901,,,2025-01-18-Volume%20Giornaliero%20potabile.pdf
,,,TOTALE,"360.890.723,00",/,"90.289.579,64","47.607.150,64",,,2025-01-18-Volume%20Giornaliero%20potabile.pdf
,,,MONITORAGGIO GIORNALIERO VOLUMI INVASATI AD USO POTABILE,,,,,,,2025-01-19-Volume%20Giornaliero%20potabile.pdf
,,,,19 gennaio 2025,,,,,,2025-01-19-Volume%20Giornaliero%20potabile.pdf
,,,Quota autorizzata,Volume autorizzato,Quota rilevata,Volume,Volume utile netto,,,2025-01-19-Volume%20Giornaliero%20potabile.pdf
n.,Invaso,Ente Gestore,,,,,per utilizzatori,Note,rend,2025-01-19-Volume%20Giornaliero%20potabile.pdf
,,,,,,,,,T,2025-01-19-Volume%20Giornaliero%20potabile.pdf
,,,[m s.l.m.],[m 3 ],[m s.l.m.],[m 3 ],[m 3 ],,,2025-01-19-Volume%20Giornaliero%20potabile.pdf
1,ANCIPA,ENEL,"939,00","30.410.000,00","938,80","15.777.673,15","13.777.673,15",,,2025-01-19-Volume%20Giornaliero%20potabile.pdf
2,CASTELLO,DRAR,"292,65","19.493.500,00","278,13",5.207.300,1.689.090,,,2025-01-19-Volume%20Giornaliero%20potabile.pdf
3,FANACO,SICILIACQUE,"677,50","20.700.000,00","653,00","1.392.118,00","1.392.118,00",,,2025-01-19-Volume%20Giornaliero%20potabile.pdf
,GARCIA,,,,,,,,,2025-01-19-Volume%20Giornaliero%20potabile.pdf
4,,C.B.Occidentale,"190,00","61.000.000,00","174,33",11.995.000,5.995.000,,,2025-01-19-Volume%20Giornaliero%20potabile.pdf
,(Mario Francese),,,,,,,,,2025-01-19-Volume%20Giornaliero%20potabile.pdf
,PIANA DEGLI,,,,,,,,,2025-01-19-Volume%20Giornaliero%20potabile.pdf
5,,ENEL,"609,00","25.000.000,00","600,80","7.101.972,10","5.101.972,10",,,2025-01-19-Volume%20Giornaliero%20potabile.pdf
,ALBANESI,,,,,,,,,2025-01-19-Volume%20Giornaliero%20potabile.pdf
,PIANO DEL,,,,,,,,,2025-01-19-Volume%20Giornaliero%20potabile.pdf
6,,SICILIACQUE,"828,00","4.150.000,00",822.90,"1.870.000,00","620.000,00",,,2025-01-19-Volume%20Giornaliero%20potabile.pdf
,LEONE,,,,,,,,,2025-01-19-Volume%20Giornaliero%20potabile.pdf
7,POMA,DRAR,"195,60","72.300.000,00","178,7",18.725.000,10.703.132,,,2025-01-19-Volume%20Giornaliero%20potabile.pdf
8,PRIZZI,ENEL,"638,00","9.250.000,00","628,85","2.071.345,84","571.345,84",,,2025-01-19-Volume%20Giornaliero%20potabile.pdf
,RAGOLETO,BIORAFFINERIE,,,,,,,,2025-01-19-Volume%20Giornaliero%20potabile.pdf
9,,,"326,00","17.160.198,00","309,18","4.169.240,00","668.952,00",(*),,2025-01-19-Volume%20Giornaliero%20potabile.pdf
,(Dirillo),DI GELA,,,,,,,,2025-01-19-Volume%20Giornaliero%20potabile.pdf
10,ROSAMARINA,DRAR,"164,00","73.034.250,00","139,38",12.563.396,3.682.256,,,2025-01-19-Volume%20Giornaliero%20potabile.pdf
11 SANTA ROSALIA,,DRAR,"378,05","21.080.000,00","364,63",7.815.481,2.828.425,,,2025-01-19-Volume%20Giornaliero%20potabile.pdf
12,SCANZANO,DRAR,"517,00","7.312.775,00","514,84",5.517.521,4.493.654,,,2025-01-19-Volume%20Giornaliero%20potabile.pdf
,,,TOTALE,"360.890.723,00",/,"94.206.047,09","51.523.618,09",,,2025-01-19-Volume%20Giornaliero%20potabile.pdf
,,,MONITORAGGIO GIORNALIERO VOLUMI INVASATI AD USO POTABILE,,,,,,,2025-01-20-Volume%20Giornaliero%20potabile.pdf
,,,,20 gennaio 2025,,,,,,2025-01-20-Volume%20Giornaliero%20potabile.pdf
,,,Quota autorizzata,Volume autorizzato,Quota rilevata,Volume,Volume utile netto,,,2025-01-20-Volume%20Giornaliero%20potabile.pdf
n.,Invaso,Ente Gestore,,,,,per utilizzatori,Note,rend,2025-01-20-Volume%20Giornaliero%20potabile.pdf
,,,,,,,,,T,2025-01-20-Volume%20Giornaliero%20potabile.pdf
,,,[m s.l.m.],[m 3 ],[m s.l.m.],[m 3 ],[m 3 ],,,2025-01-20-Volume%20Giornaliero%20potabile.pdf
1,ANCIPA,ENEL,"939,00","30.410.000,00","939,70","16.672.332,50","14.672.332,50",,,2025-01-20-Volume%20Giornaliero%20potabile.pdf
2,CASTELLO,DRAR,"292,65","19.493.500,00","278,35",5.350.500,1.822.579,,,2025-01-20-Volume%20Giornaliero%20potabile.pdf
3,FANACO,SICILIACQUE,"677,50","20.700.000,00","653,00","1.392.118,00","1.392.118,00",(*),,2025-01-20-Volume%20Giornaliero%20potabile.pdf
,GARCIA,,,,,,,,,2025-01-20-Volume%20Giornaliero%20potabile.pdf
4,,C.B.Occidentale,"190,00","61.000.000,00","174,65",12.475.000,6.475.000,,,2025-01-20-Volume%20Giornaliero%20potabile.pdf
,(Mario Francese),,,,,,,,,2025-01-20-Volume%20Giornaliero%20potabile.pdf
,PIANA DEGLI,,,,,,,,,2025-01-20-Volume%20Giornaliero%20potabile.pdf
5,,ENEL,"609,00","25.000.000,00","600,88","7.212.232,35","5.212.232,35",,,2025-01-20-Volume%20Giornaliero%20potabile.pdf
,ALBANESI,,,,,,,,,2025-01-20-Volume%20Giornaliero%20potabile.pdf
,PIANO DEL,,,,,,,,,2025-01-20-Volume%20Giornaliero%20potabile.pdf
6,,SICILIACQUE,"828,00","4.150.000,00",822.90,"1.870.000,00","620.000,00",(*),,2025-01-20-Volume%20Giornaliero%20potabile.pdf
,LEONE,,,,,,,,,2025-01-20-Volume%20Giornaliero%20potabile.pdf
7,POMA,DRAR,"195,60","72.300.000,00","178,98",19.215.000,11.171.264,,,2025-01-20-Volume%20Giornaliero%20potabile.pdf
8,PRIZZI,ENEL,"638,00","9.250.000,00","629,14","2.190.823,10","690.823,10",,,2025-01-20-Volume%20Giornaliero%20potabile.pdf
,RAGOLETO,BIORAFFINERIE,,,,,,,,2025-01-20-Volume%20Giornaliero%20potabile.pdf
9,,,"326,00","17.160.198,00","311,33","5.316.584,00","1.816.296,00",,,2025-01-20-Volume%20Giornaliero%20potabile.pdf
,(Dirillo),DI GELA,,,,,,,,2025-01-20-Volume%20Giornaliero%20potabile.pdf
10,ROSAMARINA,DRAR,"164,00","73.034.250,00","139,92",13.303.938,4.409.982,,,2025-01-20-Volume%20Giornaliero%20potabile.pdf
11 SANTA ROSALIA,,DRAR,"378,05","21.080.000,00","364,68",7.849.537,2.855.981,,,2025-01-20-Volume%20Giornaliero%20potabile.pdf
12,SCANZANO,DRAR,"517,00","7.312.775,00","515,13",5.732.960,4.708.294,,,2025-01-20-Volume%20Giornaliero%20potabile.pdf
,,,TOTALE,"360.890.723,00",/,"98.581.024,95","55.846.901,95",,,2025-01-20-Volume%20Giornaliero%20potabile.pdf
,,,MONITORAGGIO GIORNALIERO VOLUMI INVASATI AD USO POTABILE,,,,,,,2025-01-21-Volume%20Giornaliero%20potabile.pdf
,,,,21 gennaio 2025,,,,,,2025-01-21-Volume%20Giornaliero%20potabile.pdf
,,,Quota autorizzata,Volume autorizzato,Quota rilevata,Volume,Volume utile netto,,,2025-01-21-Volume%20Giornaliero%20potabile.pdf
n.,Invaso,Ente Gestore,,,,,per utilizzatori,Note,rend,2025-01-21-Volume%20Giornaliero%20potabile.pdf
,,,,,,,,,T,2025-01-21-Volume%20Giornaliero%20potabile.pdf
,,,[m s.l.m.],[m 3 ],[m s.l.m.],[m 3 ],[m 3 ],,,2025-01-21-Volume%20Giornaliero%20potabile.pdf
1,ANCIPA,ENEL,"939,00","30.410.000,00","939,70","16.672.332,50","14.672.332,50",(*),,2025-01-21-Volume%20Giornaliero%20potabile.pdf
2,CASTELLO,DRAR,"292,65","19.493.500,00","278,51","5.457.700,00","1.929.779,00",,,2025-01-21-Volume%20Giornaliero%20potabile.pdf
3,FANACO,SICILIACQUE,"677,50","20.700.000,00","654,22","1.698.470,00","1.698.470,00",,,2025-01-21-Volume%20Giornaliero%20potabile.pdf
,GARCIA,,,,,,,,,2025-01-21-Volume%20Giornaliero%20potabile.pdf
4,,C.B.Occidentale,"190,00","61.000.000,00","174,66","12.490.000,00","6.490.000,00",,,2025-01-21-Volume%20Giornaliero%20potabile.pdf
,(Mario Francese),,,,,,,,,2025-01-21-Volume%20Giornaliero%20potabile.pdf
,PIANA DEGLI,,,,,,,,,2025-01-21-Volume%20Giornaliero%20potabile.pdf
5,,ENEL,"609,00","25.000.000,00","600,88","7.212.232,35","5.212.232,35",(*),,2025-01-21-Volume%20Giornaliero%20potabile.pdf
,ALBANESI,,,,,,,,,2025-01-21-Volume%20Giornaliero%20potabile.pdf
,PIANO DEL,,,,,,,,,2025-01-21-Volume%20Giornaliero%20potabile.pdf
6,,SICILIACQUE,"828,00","4.150.000,00","823,65","2.160.000,00","910.000,00",,,2025-01-21-Volume%20Giornaliero%20potabile.pdf
,LEONE,,,,,,,,,2025-01-21-Volume%20Giornaliero%20potabile.pdf
7,POMA,DRAR,"195,60","72.300.000,00","179,14","19.495.000,00","11.451.264,00",,,2025-01-21-Volume%20Giornaliero%20potabile.pdf
8,PRIZZI,ENEL,"638,00","9.250.000,00","629,14","2.190.823,10","690.823,10",(*),,2025-01-21-Volume%20Giornaliero%20potabile.pdf
,RAGOLETO,BIORAFFINERIE,,,,,,,,2025-01-21-Volume%20Giornaliero%20potabile.pdf
9,,,"326,00","17.160.198,00","311,37","5.339.633,00","1.839.345,00",,,2025-01-21-Volume%20Giornaliero%20potabile.pdf
,(Dirillo),DI GELA,,,,,,,,2025-01-21-Volume%20Giornaliero%20potabile.pdf
10,ROSAMARINA,DRAR,"164,00","73.034.250,00","140,20","13.695.073,54","4.801.117,54",,,2025-01-21-Volume%20Giornaliero%20potabile.pdf
11 SANTA ROSALIA,,DRAR,"378,05","21.080.000,00","364,70","7.863.159,00","2.869.603,00",,,2025-01-21-Volume%20Giornaliero%20potabile.pdf
12,SCANZANO,DRAR,"517,00","7.312.775,00","515,25","5.823.152,86","4.798.486,86",,,2025-01-21-Volume%20Giornaliero%20potabile.pdf
,,,TOTALE,"360.890.723,00",/,"100.097.576,34","57.363.453,34",,,2025-01-21-Volume%20Giornaliero%20potabile.pdf
,,,MONITORAGGIO GIORNALIERO VOLUMI INVASATI AD USO POTABILE,,,,,,,2025-01-22-Volume%20Giornaliero%20potabile.pdf
,,,,22 gennaio 2025,,,,,,2025-01-22-Volume%20Giornaliero%20potabile.pdf
,,,Quota autorizzata,Volume autorizzato,Quota rilevata,Volume,Volume utile netto,,,2025-01-22-Volume%20Giornaliero%20potabile.pdf
n.,Invaso,Ente Gestore,,,,,per utilizzatori,Note,Trend,2025-01-22-Volume%20Giornaliero%20potabile.pdf
,,,[m s.l.m.],[m 3 ],[m s.l.m.],[m 3 ],[m 3 ],,,2025-01-22-Volume%20Giornaliero%20potabile.pdf
1,ANCIPA,ENEL,"939,00","30.410.000,00","940,20","17.179.469,81","15.179.469,81",,,2025-01-22-Volume%20Giornaliero%20potabile.pdf
2,CASTELLO,DRAR,"292,65","19.493.500,00","278,66","5.558.200,00","2.030.279,00",,,2025-01-22-Volume%20Giornaliero%20potabile.pdf
3,FANACO,SICILIACQUE,"677,50","20.700.000,00","654,50","1.773.118,00","1.186.801,00",( = ),( = ),2025-01-22-Volume%20Giornaliero%20potabile.pdf
,GARCIA,,,,,,,,,2025-01-22-Volume%20Giornaliero%20potabile.pdf
4,,C.B.Occidentale,"190,00","61.000.000,00","174,74","12.610.000,00","6.610.000,00",,,2025-01-22-Volume%20Giornaliero%20potabile.pdf
,(Mario Francese),,,,,,,,,2025-01-22-Volume%20Giornaliero%20potabile.pdf
,PIANA DEGLI,,,,,,,,,2025-01-22-Volume%20Giornaliero%20potabile.pdf
5,,ENEL,"609,00","25.000.000,00","600,91","7.253.798,92","5.253.798,92",,,2025-01-22-Volume%20Giornaliero%20potabile.pdf
,ALBANESI,,,,,,,,,2025-01-22-Volume%20Giornaliero%20potabile.pdf
,PIANO DEL,,,,,,,,,2025-01-22-Volume%20Giornaliero%20potabile.pdf
6,,SICILIACQUE,"828,00","4.150.000,00","823,78","2.212.000,00","962.000,00",,,2025-01-22-Volume%20Giornaliero%20potabile.pdf
,LEONE,,,,,,,,,2025-01-22-Volume%20Giornaliero%20potabile.pdf
7,POMA,DRAR,"195,60","72.300.000,00","179,26","19.705.000,00","11.661.264,00",,,2025-01-22-Volume%20Giornaliero%20potabile.pdf
8,PRIZZI,ENEL,"638,00","9.250.000,00","629,31","2.262.473,56","762.473,56",,,2025-01-22-Volume%20Giornaliero%20potabile.pdf
,RAGOLETO,BIORAFFINERIE,,,,,,,,2025-01-22-Volume%20Giornaliero%20potabile.pdf
9,,,"326,00","17.160.198,00","311,40","5.356.919,00","1.856.631,00",,,2025-01-22-Volume%20Giornaliero%20potabile.pdf
,(Dirillo),DI GELA,,,,,,,,2025-01-22-Volume%20Giornaliero%20potabile.pdf
10,ROSAMARINA,DRAR,"164,00","73.034.250,00","140,38","13.949.099,89","5.055.143,89",,,2025-01-22-Volume%20Giornaliero%20potabile.pdf
11 SANTA ROSALIA,,DRAR,"378,05","21.080.000,00","364,71","7.869.970,20","2.876.414,20",,,2025-01-22-Volume%20Giornaliero%20potabile.pdf
12,SCANZANO,DRAR,"517,00","7.312.775,00","515,33","5.883.628,13","4.858.962,13",,,2025-01-22-Volume%20Giornaliero%20potabile.pdf
,,,TOTALE,"360.890.723,00",/,"101.613.677,51","58.293.237,51",,,2025-01-22-Volume%20Giornaliero%20potabile.pdf
,,,MONITORAGGIO GIORNALIERO VOLUMI INVASATI AD USO POTABILE,,,,,,,2025-01-23-Volume%20Giornaliero%20potabile.pdf
,,,,23 gennaio 2025,,,,,,2025-01-23-Volume%20Giornaliero%20potabile.pdf
,,,Quota autorizzata,Volume autorizzato,Quota rilevata,Volume,Volume utile netto,,,2025-01-23-Volume%20Giornaliero%20potabile.pdf
n.,Invaso,Ente Gestore,,,,,per utilizzatori,Note,,2025-01-23-Volume%20Giornaliero%20potabile.pdf
,,,[m s.l.m.],[m 3 ],[m s.l.m.],[m 3 ],[m 3 ],,,2025-01-23-Volume%20Giornaliero%20potabile.pdf
1,ANCIPA,ENEL,"939,00","30.410.000,00","940,20","17.179.469,81","15.179.469,81",(*),,2025-01-23-Volume%20Giornaliero%20potabile.pdf
2,CASTELLO,DRAR,"292,65","19.493.500,00","278,79","5.645.300,00","2.117.379,00",,,2025-01-23-Volume%20Giornaliero%20potabile.pdf
3,FANACO,SICILIACQUE,"677,50","20.700.000,00","654,70","1.827.320,00","1.241.003,00",,,2025-01-23-Volume%20Giornaliero%20potabile.pdf
,GARCIA,,,,,,,,,2025-01-23-Volume%20Giornaliero%20potabile.pdf
4,,C.B.Occidentale,"190,00","61.000.000,00","174,74","12.610.000,00","6.610.000,00",,,2025-01-23-Volume%20Giornaliero%20potabile.pdf
,(Mario Francese),,,,,,,,,2025-01-23-Volume%20Giornaliero%20potabile.pdf
,PIANA DEGLI,,,,,,,,,2025-01-23-Volume%20Giornaliero%20potabile.pdf
5,,ENEL,"609,00","25.000.000,00","600,91","7.253.798,92","5.253.798,92",(*),,2025-01-23-Volume%20Giornaliero%20potabile.pdf
,ALBANESI,,,,,,,,,2025-01-23-Volume%20Giornaliero%20potabile.pdf
,PIANO DEL,,,,,,,,,2025-01-23-Volume%20Giornaliero%20potabile.pdf
6,,SICILIACQUE,"828,00","4.150.000,00","823,89","2.256.000,00","1.006.000,00",,,2025-01-23-Volume%20Giornaliero%20potabile.pdf
,LEONE,,,,,,,,,2025-01-23-Volume%20Giornaliero%20potabile.pdf
7,POMA,DRAR,"195,60","72.300.000,00","179,32","19.810.000,00","11.766.264,00",,,2025-01-23-Volume%20Giornaliero%20potabile.pdf
8,PRIZZI,ENEL,"638,00","9.250.000,00","629,31","2.262.473,56","762.473,56",(*),,2025-01-23-Volume%20Giornaliero%20potabile.pdf
,RAGOLETO,BIORAFFINERIE,,,,,,,,2025-01-23-Volume%20Giornaliero%20potabile.pdf
9,,,"326,00","17.160.198,00","311,41","5.362.682,00","1.862.394,00",,,2025-01-23-Volume%20Giornaliero%20potabile.pdf
,(Dirillo),DI GELA,,,,,,,,2025-01-23-Volume%20Giornaliero%20potabile.pdf
10,ROSAMARINA,DRAR,"164,00","73.034.250,00","140,48","14.091.037,57","5.197.081,57",,,2025-01-23-Volume%20Giornaliero%20potabile.pdf
11 SANTA ROSALIA,,DRAR,"378,05","21.080.000,00","364,70","7.863.159,00","2.869.603,00",,,2025-01-23-Volume%20Giornaliero%20potabile.pdf
12,SCANZANO,DRAR,"517,00","7.312.775,00","515,35","5.898.765,60","4.874.099,60",,,2025-01-23-Volume%20Giornaliero%20potabile.pdf
,,,TOTALE,"360.890.723,00",/,"102.060.006,46","58.739.566,46",,,2025-01-23-Volume%20Giornaliero%20potabile.pdf
,,,MONITORAGGIO GIORNALIERO VOLUMI INVASATI AD USO POTABILE,,,,,,,2025-01-24-Volume%20Giornaliero%20potabile.pdf
,,,,24 gennaio 2025,,,,,,2025-01-24-Volume%20Giornaliero%20potabile.pdf
,,,Quota autorizzata,Volume autorizzato,Quota rilevata,Volume,Volume utile netto,,,2025-01-24-Volume%20Giornaliero%20potabile.pdf
n.,Invaso,Ente Gestore,,,,,per utilizzatori,,,2025-01-24-Volume%20Giornaliero%20potabile.pdf
,,,[m s.l.m.],[m 3 ],[m s.l.m.],[m 3 ],[m 3 ],,,2025-01-24-Volume%20Giornaliero%20potabile.pdf
1,ANCIPA,ENEL,"939,00","30.410.000,00","941,06","18.066.913,07","16.066.913,07",,,2025-01-24-Volume%20Giornaliero%20potabile.pdf
2,CASTELLO,DRAR,"292,65","19.493.500,00","278,92","5.732.400,00","2.204.479,00",,,2025-01-24-Volume%20Giornaliero%20potabile.pdf
3,FANACO,SICILIACQUE,"677,50","20.700.000,00","654,85","1.868.463,00","1.282.146,00",,,2025-01-24-Volume%20Giornaliero%20potabile.pdf
,GARCIA,,,,,,,,,2025-01-24-Volume%20Giornaliero%20potabile.pdf
4,,C.B.Occidentale,"190,00","61.000.000,00","174,75","12.625.000,00","6.625.000,00",,,2025-01-24-Volume%20Giornaliero%20potabile.pdf
,(Mario Francese),,,,,,,,,2025-01-24-Volume%20Giornaliero%20potabile.pdf
,PIANA DEGLI,,,,,,,,,2025-01-24-Volume%20Giornaliero%20potabile.pdf
5,,ENEL,"609,00","25.000.000,00","600,95","7.309.406,89","5.309.406,89",,,2025-01-24-Volume%20Giornaliero%20potabile.pdf
,ALBANESI,,,,,,,,,2025-01-24-Volume%20Giornaliero%20potabile.pdf
,PIANO DEL,,,,,,,,,2025-01-24-Volume%20Giornaliero%20potabile.pdf
6,,SICILIACQUE,"828,00","4.150.000,00","823,97","2.288.000,00","1.038.000,00",,,2025-01-24-Volume%20Giornaliero%20potabile.pdf
,LEONE,,,,,,,,,2025-01-24-Volume%20Giornaliero%20potabile.pdf
7,POMA,DRAR,"195,60","72.300.000,00","179,37","19.897.500,00","11.853.764,00",,,2025-01-24-Volume%20Giornaliero%20potabile.pdf
8,PRIZZI,ENEL,"638,00","9.250.000,00","629,49","2.339.735,15","839.735,15",,,2025-01-24-Volume%20Giornaliero%20potabile.pdf
,RAGOLETO,BIORAFFINERIE,,,,,,,,2025-01-24-Volume%20Giornaliero%20potabile.pdf
9,,,"326,00","17.160.198,00","311,45","5.385.731,00","1.885.443,00",,,2025-01-24-Volume%20Giornaliero%20potabile.pdf
,(Dirillo),DI GELA,,,,,,,,2025-01-24-Volume%20Giornaliero%20potabile.pdf
10,ROSAMARINA,DRAR,"164,00","73.034.250,00","140,51","14.133.717,71","5.239.761,71",,,2025-01-24-Volume%20Giornaliero%20potabile.pdf
11 SANTA ROSALIA,,DRAR,"378,05","21.080.000,00","364,71","7.869.970,20","2.876.414,20",,,2025-01-24-Volume%20Giornaliero%20potabile.pdf
12,SCANZANO,DRAR,"517,00","7.312.775,00","515,36","5.906.341,74","4.881.675,74",,,2025-01-24-Volume%20Giornaliero%20potabile.pdf
,,,TOTALE,"360.890.723,00",/,"103.423.178,76","60.102.738,76",,,2025-01-24-Volume%20Giornaliero%20potabile.pdf
,,,MONITORAGGIO GIORNALIERO VOLUMI INVASATI AD USO POTABILE,,,,,,,2025-01-25-Volume%20Giornaliero%20potabile.pdf
,,,,25 gennaio 2025,,,,,,2025-01-25-Volume%20Giornaliero%20potabile.pdf
,,,Quota autorizzata,Volume autorizzato,Quota rilevata,Volume,Volume utile netto,,,2025-01-25-Volume%20Giornaliero%20potabile.pdf
n.,Invaso,Ente Gestore,,,,,per utilizzatori,Note,,2025-01-25-Volume%20Giornaliero%20potabile.pdf
,,,[m s.l.m.],[m 3 ],[m s.l.m.],[m 3 ],[m 3 ],,,2025-01-25-Volume%20Giornaliero%20potabile.pdf
1,ANCIPA,ENEL,"939,00","30.410.000,00","941,24","18.254.708,55","16.254.708,55",,,2025-01-25-Volume%20Giornaliero%20potabile.pdf
2,CASTELLO,DRAR,"292,65","19.493.500,00","278,99","5.779.300,00","2.251.379,00",,,2025-01-25-Volume%20Giornaliero%20potabile.pdf
3,FANACO,SICILIACQUE,"677,50","20.700.000,00","655,00","1.910.036,00","1.323.719,00",,,2025-01-25-Volume%20Giornaliero%20potabile.pdf
,GARCIA,,,,,,,,,2025-01-25-Volume%20Giornaliero%20potabile.pdf
4,,C.B.Occidentale,"190,00","61.000.000,00","174,76","12.640.000,00","6.640.000,00",,,2025-01-25-Volume%20Giornaliero%20potabile.pdf
,(Mario Francese),,,,,,,,,2025-01-25-Volume%20Giornaliero%20potabile.pdf
,PIANA DEGLI,,,,,,,,,2025-01-25-Volume%20Giornaliero%20potabile.pdf
5,,ENEL,"609,00","25.000.000,00","600,95","7.309.406,89","5.309.406,89",,,2025-01-25-Volume%20Giornaliero%20potabile.pdf
,ALBANESI,,,,,,,,,2025-01-25-Volume%20Giornaliero%20potabile.pdf
,PIANO DEL,,,,,,,,,2025-01-25-Volume%20Giornaliero%20potabile.pdf
6,,SICILIACQUE,"828,00","4.150.000,00","824,03","2.312.000,00","1.062.000,00",,,2025-01-25-Volume%20Giornaliero%20potabile.pdf
,LEONE,,,,,,,,,2025-01-25-Volume%20Giornaliero%20potabile.pdf
7,POMA,DRAR,"195,60","72.300.000,00","179,38","19.915.000,00","11.871.264,00",,,2025-01-25-Volume%20Giornaliero%20potabile.pdf
8,PRIZZI,ENEL,"638,00","9.250.000,00","629,51","2.348.405,05","848.405,05",,,2025-01-25-Volume%20Giornaliero%20potabile.pdf
,RAGOLETO,BIORAFFINERIE,,,,,,,,2025-01-25-Volume%20Giornaliero%20potabile.pdf
9,,,"326,00","17.160.198,00","311,45","5.385.731,00","1.885.443,00",(*),,2025-01-25-Volume%20Giornaliero%20potabile.pdf
,(Dirillo),DI GELA,,,,,,,,2025-01-25-Volume%20Giornaliero%20potabile.pdf
10,ROSAMARINA,DRAR,"164,00","73.034.250,00","140,57","14.219.207,88","5.325.251,88",,,2025-01-25-Volume%20Giornaliero%20potabile.pdf
11 SANTA ROSALIA,,DRAR,"378,05","21.080.000,00","364,70","7.863.159,00","2.869.603,00",,,2025-01-25-Volume%20Giornaliero%20potabile.pdf
12,SCANZANO,DRAR,"517,00","7.312.775,00","515,37","5.913.917,88","4.889.251,88",,,2025-01-25-Volume%20Giornaliero%20potabile.pdf
,,,TOTALE,"360.890.723,00",/,"103.850.872,24","60.530.432,24",,,2025-01-25-Volume%20Giornaliero%20potabile.pdf
,,,MONITORAGGIO GIORNALIERO VOLUMI INVASATI AD USO POTABILE,,,,,,,2025-01-26-Volume%20Giornaliero%20potabile.pdf
,,,,26 gennaio 2025,,,,,,2025-01-26-Volume%20Giornaliero%20potabile.pdf
,,,Quota autorizzata,Volume autorizzato,Quota rilevata,Volume,Volume utile netto,,,2025-01-26-Volume%20Giornaliero%20potabile.pdf
n.,Invaso,Ente Gestore,,,,,per utilizzatori,Note,,2025-01-26-Volume%20Giornaliero%20potabile.pdf
,,,[m s.l.m.],[m 3 ],[m s.l.m.],[m 3 ],[m 3 ],,,2025-01-26-Volume%20Giornaliero%20potabile.pdf
1,ANCIPA,ENEL,"939,00","30.410.000,00","941,40","18.422.138,21","16.422.138,21",,,2025-01-26-Volume%20Giornaliero%20potabile.pdf
2,CASTELLO,DRAR,"292,65","19.493.500,00","279,06","5.826.200,00","2.298.279,00",,,2025-01-26-Volume%20Giornaliero%20potabile.pdf
3,FANACO,SICILIACQUE,"677,50","20.700.000,00","655,10","1.937.992,00","1.351.675,00",,,2025-01-26-Volume%20Giornaliero%20potabile.pdf
,GARCIA,,,,,,,,,2025-01-26-Volume%20Giornaliero%20potabile.pdf
4,,C.B.Occidentale,"190,00","61.000.000,00","174,77","12.655.000,00","6.655.000,00",,,2025-01-26-Volume%20Giornaliero%20potabile.pdf
,(Mario Francese),,,,,,,,,2025-01-26-Volume%20Giornaliero%20potabile.pdf
,PIANA DEGLI,,,,,,,,,2025-01-26-Volume%20Giornaliero%20potabile.pdf
5,,ENEL,"609,00","25.000.000,00","600,95","7.309.406,89","5.309.406,89",,,2025-01-26-Volume%20Giornaliero%20potabile.pdf
,ALBANESI,,,,,,,,,2025-01-26-Volume%20Giornaliero%20potabile.pdf
,PIANO DEL,,,,,,,,,2025-01-26-Volume%20Giornaliero%20potabile.pdf
6,,SICILIACQUE,"828,00","4.150.000,00","824,08","2.332.000,00","1.082.000,00",,,2025-01-26-Volume%20Giornaliero%20potabile.pdf
,LEONE,,,,,,,,,2025-01-26-Volume%20Giornaliero%20potabile.pdf
7,POMA,DRAR,"195,60","72.300.000,00","179,41","19.967.500,00","11.923.764,00",,,2025-01-26-Volume%20Giornaliero%20potabile.pdf
8,PRIZZI,ENEL,"638,00","9.250.000,00","629,52","2.352.746,64","852.746,64",,,2025-01-26-Volume%20Giornaliero%20potabile.pdf
,RAGOLETO,BIORAFFINERIE,,,,,,,,2025-01-26-Volume%20Giornaliero%20potabile.pdf
9,,,"326,00","17.160.198,00","311,45","5.385.731,00","1.885.443,00",(*),,2025-01-26-Volume%20Giornaliero%20potabile.pdf
,(Dirillo),DI GELA,,,,,,,,2025-01-26-Volume%20Giornaliero%20potabile.pdf
10,ROSAMARINA,DRAR,"164,00","73.034.250,00","140,61","14.276.294,95","5.382.338,95",,,2025-01-26-Volume%20Giornaliero%20potabile.pdf
11 SANTA ROSALIA,,DRAR,"378,05","21.080.000,00","364,70","7.863.159,00","2.869.603,00",,,2025-01-26-Volume%20Giornaliero%20potabile.pdf
12,SCANZANO,DRAR,"517,00","7.312.775,00","515,37","5.913.917,88","4.889.251,88",,,2025-01-26-Volume%20Giornaliero%20potabile.pdf
,,,TOTALE,"360.890.723,00",/,"104.242.086,57","60.921.646,57",,,2025-01-26-Volume%20Giornaliero%20potabile.pdf
,,,MONITORAGGIO GIORNALIERO VOLUMI INVASATI AD USO POTABILE,,,,,,,2025-01-27-Volume%20Giornaliero%20potabile.pdf
,,,,27 gennaio 2025,,,,,,2025-01-27-Volume%20Giornaliero%20potabile.pdf
,,,Quota autorizzata,Volume autorizzato,Quota rilevata,Volume,Volume utile netto,,,2025-01-27-Volume%20Giornaliero%20potabile.pdf
n.,Invaso,Ente Gestore,,,,,per utilizzatori,,,2025-01-27-Volume%20Giornaliero%20potabile.pdf
,,,[m s.l.m.],[m 3 ],[m s.l.m.],[m 3 ],[m 3 ],,,2025-01-27-Volume%20Giornaliero%20potabile.pdf
1,ANCIPA,ENEL,"939,00","30.410.000,00","941,52","18.548.091,63","16.548.091,63",,,2025-01-27-Volume%20Giornaliero%20potabile.pdf
2,CASTELLO,DRAR,"292,65","19.493.500,00","279,09","5.846.300,00","2.298.958,00",,,2025-01-27-Volume%20Giornaliero%20potabile.pdf
3,FANACO,SICILIACQUE,"677,50","20.700.000,00","655,22","1.971.799,00","1.385.482,00",,,2025-01-27-Volume%20Giornaliero%20potabile.pdf
,GARCIA,,,,,,,,,2025-01-27-Volume%20Giornaliero%20potabile.pdf
4,,C.B.Occidentale,"190,00","61.000.000,00","174,79","12.685.000,00","6.685.000,00",,,2025-01-27-Volume%20Giornaliero%20potabile.pdf
,(Mario Francese),,,,,,,,,2025-01-27-Volume%20Giornaliero%20potabile.pdf
,PIANA DEGLI,,,,,,,,,2025-01-27-Volume%20Giornaliero%20potabile.pdf
5,,ENEL,"609,00","25.000.000,00","600,95","7.309.406,89","5.309.406,89",,,2025-01-27-Volume%20Giornaliero%20potabile.pdf
,ALBANESI,,,,,,,,,2025-01-27-Volume%20Giornaliero%20potabile.pdf
,PIANO DEL,,,,,,,,,2025-01-27-Volume%20Giornaliero%20potabile.pdf
6,,SICILIACQUE,"828,00","4.150.000,00","824,12","2.348.000,00","1.098.000,00",,,2025-01-27-Volume%20Giornaliero%20potabile.pdf
,LEONE,,,,,,,,,2025-01-27-Volume%20Giornaliero%20potabile.pdf
7,POMA,DRAR,"195,60","72.300.000,00","179,43","20.002.500,00","11.915.028,00",,,2025-01-27-Volume%20Giornaliero%20potabile.pdf
8,PRIZZI,ENEL,"638,00","9.250.000,00","629,57","2.374.525,91","874.525,91",,,2025-01-27-Volume%20Giornaliero%20potabile.pdf
,RAGOLETO,BIORAFFINERIE,,,,,,,,2025-01-27-Volume%20Giornaliero%20potabile.pdf
9,,,"326,00","17.160.198,00","311,49","5.408.780,00","1.908.492,00",,,2025-01-27-Volume%20Giornaliero%20potabile.pdf
,(Dirillo),DI GELA,,,,,,,,2025-01-27-Volume%20Giornaliero%20potabile.pdf
10,ROSAMARINA,DRAR,"164,00","73.034.250,00","140,61","14.276.294,95","5.356.707,95",,,2025-01-27-Volume%20Giornaliero%20potabile.pdf
11 SANTA ROSALIA,,DRAR,"378,05","21.080.000,00","364,69","7.856.347,80","2.849.791,80",,,2025-01-27-Volume%20Giornaliero%20potabile.pdf
12,SCANZANO,DRAR,"517,00","7.312.775,00","515,35","5.898.765,60","4.870.175,60",,,2025-01-27-Volume%20Giornaliero%20potabile.pdf
,,,TOTALE,"360.890.723,00",/,"104.525.811,78","61.099.659,78",,,2025-01-27-Volume%20Giornaliero%20potabile.pdf
,,,MONITORAGGIO GIORNALIERO VOLUMI INVASATI AD USO POTABILE,,,,,,,2025-01-28-Volume%20Giornaliero%20potabile.pdf
,,,,28 gennaio 2025,,,,,,2025-01-28-Volume%20Giornaliero%20potabile.pdf
,,,Quota autorizzata,Volume autorizzato,Quota rilevata,Volume,Volume utile netto,,,2025-01-28-Volume%20Giornaliero%20potabile.pdf
n.,Invaso,Ente Gestore,,,,,per utilizzatori,,,2025-01-28-Volume%20Giornaliero%20potabile.pdf
,,,[m s.l.m.],[m 3 ],[m s.l.m.],[m 3 ],[m 3 ],,,2025-01-28-Volume%20Giornaliero%20potabile.pdf
1,ANCIPA,ENEL,"939,00","30.410.000,00","941,64","18.674.234,89","16.674.234,89",,,2025-01-28-Volume%20Giornaliero%20potabile.pdf
2,CASTELLO,DRAR,"292,65","19.493.500,00","279,08","5.839.600,00","2.292.258,00",,,2025-01-28-Volume%20Giornaliero%20potabile.pdf
3,FANACO,SICILIACQUE,"677,50","20.700.000,00","655,34","2.005.894,00","1.419.577,00",,,2025-01-28-Volume%20Giornaliero%20potabile.pdf
,GARCIA,,,,,,,,,2025-01-28-Volume%20Giornaliero%20potabile.pdf
4,,C.B.Occidentale,"190,00","61.000.000,00","174,79","12.685.000,00","6.685.000,00",,,2025-01-28-Volume%20Giornaliero%20potabile.pdf
,(Mario Francese),,,,,,,,,2025-01-28-Volume%20Giornaliero%20potabile.pdf
,PIANA DEGLI,,,,,,,,,2025-01-28-Volume%20Giornaliero%20potabile.pdf
5,,ENEL,"609,00","25.000.000,00","600,95","7.309.406,89","5.309.406,89",,,2025-01-28-Volume%20Giornaliero%20potabile.pdf
,ALBANESI,,,,,,,,,2025-01-28-Volume%20Giornaliero%20potabile.pdf
,PIANO DEL,,,,,,,,,2025-01-28-Volume%20Giornaliero%20potabile.pdf
6,,SICILIACQUE,"828,00","4.150.000,00","824,17","2.368.000,00","1.118.000,00",,,2025-01-28-Volume%20Giornaliero%20potabile.pdf
,LEONE,,,,,,,,,2025-01-28-Volume%20Giornaliero%20potabile.pdf
7,POMA,DRAR,"195,60","72.300.000,00","179,44","20.020.000,00","11.932.528,00",,,2025-01-28-Volume%20Giornaliero%20potabile.pdf
8,PRIZZI,ENEL,"638,00","9.250.000,00","629,62","2.396.435,69","896.435,69",,,2025-01-28-Volume%20Giornaliero%20potabile.pdf
,RAGOLETO,BIORAFFINERIE,,,,,,,,2025-01-28-Volume%20Giornaliero%20potabile.pdf
9,,,"326,00","17.160.198,00","311,52","5.426.067,00","1.925.779,00",,,2025-01-28-Volume%20Giornaliero%20potabile.pdf
,(Dirillo),DI GELA,,,,,,,,2025-01-28-Volume%20Giornaliero%20potabile.pdf
10,ROSAMARINA,DRAR,"164,00","73.034.250,00","140,64","14.319.159,00","5.399.572,00",,,2025-01-28-Volume%20Giornaliero%20potabile.pdf
11 SANTA ROSALIA,,DRAR,"378,05","21.080.000,00","364,68","7.849.537,00","2.842.981,00",,,2025-01-28-Volume%20Giornaliero%20potabile.pdf
12,SCANZANO,DRAR,"517,00","7.312.775,00","515,34","5.891.194,00","4.862.604,00",,,2025-01-28-Volume%20Giornaliero%20potabile.pdf
,,,TOTALE,"360.890.723,00",/,"104.784.528,47","61.358.376,47",,,2025-01-28-Volume%20Giornaliero%20potabile.pdf
,,,MONITORAGGIO GIORNALIERO VOLUMI INVASATI AD USO POTABILE,,,,,,,2025-01-29-Volume%20Giornaliero%20potabile.pdf
,,,,29 gennaio 2025,,,,,,2025-01-29-Volume%20Giornaliero%20potabile.pdf
,,,Quota autorizzata,Volume autorizzato,Quota rilevata,Volume,Volume utile netto,,,2025-01-29-Volume%20Giornaliero%20potabile.pdf
n.,Invaso,Ente Gestore,,,,,per utilizzatori,,,2025-01-29-Volume%20Giornaliero%20potabile.pdf
,,,[m s.l.m.],[m 3 ],[m s.l.m.],[m 3 ],[m 3 ],,,2025-01-29-Volume%20Giornaliero%20potabile.pdf
1,ANCIPA,ENEL,"939,00","30.410.000,00","941,76","18.800.630,26","16.800.630,26",,,2025-01-29-Volume%20Giornaliero%20potabile.pdf
2,CASTELLO,DRAR,"292,65","19.493.500,00","279,11","5.859.700,00","2.312.358,00",,,2025-01-29-Volume%20Giornaliero%20potabile.pdf
3,FANACO,SICILIACQUE,"677,50","20.700.000,00","655,40","2.023.052,00","1.436.735,00",,,2025-01-29-Volume%20Giornaliero%20potabile.pdf
,GARCIA,,,,,,,,,2025-01-29-Volume%20Giornaliero%20potabile.pdf
4,,C.B.Occidentale,"190,00","61.000.000,00","174,80","12.700.000,00","6.700.000,00",,,2025-01-29-Volume%20Giornaliero%20potabile.pdf
,(Mario Francese),,,,,,,,,2025-01-29-Volume%20Giornaliero%20potabile.pdf
,PIANA DEGLI,,,,,,,,,2025-01-29-Volume%20Giornaliero%20potabile.pdf
5,,ENEL,"609,00","25.000.000,00","600,96","7.323.342,81","5.323.342,81",,,2025-01-29-Volume%20Giornaliero%20potabile.pdf
,ALBANESI,,,,,,,,,2025-01-29-Volume%20Giornaliero%20potabile.pdf
,PIANO DEL,,,,,,,,,2025-01-29-Volume%20Giornaliero%20potabile.pdf
6,,SICILIACQUE,"828,00","4.150.000,00","824,19","2.376.000,00","1.126.000,00",,,2025-01-29-Volume%20Giornaliero%20potabile.pdf
,LEONE,,,,,,,,,2025-01-29-Volume%20Giornaliero%20potabile.pdf
7,POMA,DRAR,"195,60","72.300.000,00","179,46","20.055.000,00","11.967.528,00",,,2025-01-29-Volume%20Giornaliero%20potabile.pdf
8,PRIZZI,ENEL,"638,00","9.250.000,00","629,66","2.414.070,68","914.070,68",,,2025-01-29-Volume%20Giornaliero%20potabile.pdf
,RAGOLETO,BIORAFFINERIE,,,,,,,,2025-01-29-Volume%20Giornaliero%20potabile.pdf
9,,,"326,00","17.160.198,00","311,52","5.426.067,00","1.925.779,00",,,2025-01-29-Volume%20Giornaliero%20potabile.pdf
,(Dirillo),DI GELA,,,,,,,,2025-01-29-Volume%20Giornaliero%20potabile.pdf
10,ROSAMARINA,DRAR,"164,00","73.034.250,00","140,67","14.362.065,65","5.442.478,65",,,2025-01-29-Volume%20Giornaliero%20potabile.pdf
11 SANTA ROSALIA,,DRAR,"378,05","21.080.000,00","364,67","7.842.725,40","2.836.169,40",,,2025-01-29-Volume%20Giornaliero%20potabile.pdf
12,SCANZANO,DRAR,"517,00","7.312.775,00","515,33","5.883.628,13","4.855.038,13",,,2025-01-29-Volume%20Giornaliero%20potabile.pdf
,,,TOTALE,"360.890.723,00",/,"105.066.281,93","61.640.129,93",,,2025-01-29-Volume%20Giornaliero%20potabile.pdf
,,,MONITORAGGIO GIORNALIERO VOLUMI INVASATI AD USO POTABILE,,,,,,,2025-01-30-Volume%20Giornaliero%20potabile.pdf
,,,,30 gennaio 2025,,,,,,2025-01-30-Volume%20Giornaliero%20potabile.pdf
,,,Quota autorizzata,Volume autorizzato,Quota rilevata,Volume,Volume utile netto,,,2025-01-30-Volume%20Giornaliero%20potabile.pdf
n.,Invaso,Ente Gestore,,,,,per utilizzatori,Note,,2025-01-30-Volume%20Giornaliero%20potabile.pdf
,,,[m s.l.m.],[m 3 ],[m s.l.m.],[m 3 ],[m 3 ],,,2025-01-30-Volume%20Giornaliero%20potabile.pdf
1,ANCIPA,ENEL,"950,00","30.410.000,00","942,08","19.138.700,30","17.138.700,30",,,2025-01-30-Volume%20Giornaliero%20potabile.pdf
2,CASTELLO,DRAR,"292,65","19.493.500,00","279,11","5.859.700,00","2.312.358,00",,,2025-01-30-Volume%20Giornaliero%20potabile.pdf
3,FANACO,SICILIACQUE,"677,50","20.700.000,00","655,50","2.051.845,00","1.465.528,00",,,2025-01-30-Volume%20Giornaliero%20potabile.pdf
,GARCIA,,,,,,,,,2025-01-30-Volume%20Giornaliero%20potabile.pdf
4,,C.B.Occidentale,"190,00","61.000.000,00","174,81","12.715.000,00","6.715.000,00",,,2025-01-30-Volume%20Giornaliero%20potabile.pdf
,(Mario Francese),,,,,,,,,2025-01-30-Volume%20Giornaliero%20potabile.pdf
,PIANA DEGLI,,,,,,,,,2025-01-30-Volume%20Giornaliero%20potabile.pdf
5,,ENEL,"609,00","25.000.000,00","600,96","7.323.342,81","5.323.342,81",,,2025-01-30-Volume%20Giornaliero%20potabile.pdf
,ALBANESI,,,,,,,,,2025-01-30-Volume%20Giornaliero%20potabile.pdf
,PIANO DEL,,,,,,,,,2025-01-30-Volume%20Giornaliero%20potabile.pdf
6,,SICILIACQUE,"828,00","4.150.000,00","824,24","2.396.000,00","1.146.000,00",,,2025-01-30-Volume%20Giornaliero%20potabile.pdf
,LEONE,,,,,,,,,2025-01-30-Volume%20Giornaliero%20potabile.pdf
7,POMA,DRAR,"195,60","72.300.000,00","179,51","20.142.500,00","12.055.028,00",,,2025-01-30-Volume%20Giornaliero%20potabile.pdf
8,PRIZZI,ENEL,"638,00","9.250.000,00","629,69","2.427.361,96","927.361,96",,,2025-01-30-Volume%20Giornaliero%20potabile.pdf
,RAGOLETO,BIORAFFINERIE,,,,,,,,2025-01-30-Volume%20Giornaliero%20potabile.pdf
9,,,"326,00","17.160.198,00","311,52","5.426.067,00","1.925.779,00",(*),,2025-01-30-Volume%20Giornaliero%20potabile.pdf
,(Dirillo),DI GELA,,,,,,,,2025-01-30-Volume%20Giornaliero%20potabile.pdf
10,ROSAMARINA,DRAR,"164,00","73.034.250,00","140,67","14.362.065,65","5.442.478,65",,,2025-01-30-Volume%20Giornaliero%20potabile.pdf
11 SANTA ROSALIA,,DRAR,"378,05","21.080.000,00","364,66","7.835.914,00","2.829.358,00",,,2025-01-30-Volume%20Giornaliero%20potabile.pdf
12,SCANZANO,DRAR,"517,00","7.312.775,00","515,32","5.876.067,00","4.847.477,00",,,2025-01-30-Volume%20Giornaliero%20potabile.pdf
,,,TOTALE,"360.890.723,00",/,"105.554.563,72","62.128.411,72",,,2025-01-30-Volume%20Giornaliero%20potabile.pdf
,,,MONITORAGGIO GIORNALIERO VOLUMI INVASATI AD USO POTABILE,,,,,,,2025-01-31-Volume%20Giornaliero%20potabile.pdf
,,,,31 gennaio 2025,,,,,,2025-01-31-Volume%20Giornaliero%20potabile.pdf
,,,Quota autorizzata,Volume autorizzato,Quota rilevata,Volume,Volume utile netto,,,2025-01-31-Volume%20Giornaliero%20potabile.pdf
n.,Invaso,Ente Gestore,,,,,per utilizzatori,,,2025-01-31-Volume%20Giornaliero%20potabile.pdf
,,,[m s.l.m.],[m 3 ],[m s.l.m.],[m 3 ],[m 3 ],,,2025-01-31-Volume%20Giornaliero%20potabile.pdf
1,ANCIPA,ENEL,"950,00","30.410.000,00","942,33","19.403.699,30","17.403.699,30",,,2025-01-31-Volume%20Giornaliero%20potabile.pdf
2,CASTELLO,DRAR,"292,65","19.493.500,00","279,18","5.906.600,00","2.359.258,00",,,2025-01-31-Volume%20Giornaliero%20potabile.pdf
3,FANACO,SICILIACQUE,"677,50","20.700.000,00","655,60","2.080.955,00","1.494.638,00",,,2025-01-31-Volume%20Giornaliero%20potabile.pdf
,GARCIA,,,,,,,,,2025-01-31-Volume%20Giornaliero%20potabile.pdf
4,,C.B.Occidentale,"190,00","61.000.000,00","174,82","12.730.000,00","6.730.000,00",,,2025-01-31-Volume%20Giornaliero%20potabile.pdf
,(Mario Francese),,,,,,,,,2025-01-31-Volume%20Giornaliero%20potabile.pdf
,PIANA DEGLI,,,,,,,,,2025-01-31-Volume%20Giornaliero%20potabile.pdf
5,,ENEL,"609,00","25.000.000,00","600,96","7.323.342,81","5.323.342,81",,,2025-01-31-Volume%20Giornaliero%20potabile.pdf
,ALBANESI,,,,,,,,,2025-01-31-Volume%20Giornaliero%20potabile.pdf
,PIANO DEL,,,,,,,,,2025-01-31-Volume%20Giornaliero%20potabile.pdf
6,,SICILIACQUE,"828,00","4.150.000,00","824,26","2.404.000,00","1.154.000,00",,,2025-01-31-Volume%20Giornaliero%20potabile.pdf
,LEONE,,,,,,,,,2025-01-31-Volume%20Giornaliero%20potabile.pdf
7,POMA,DRAR,"195,60","72.300.000,00","179,54","20.195.000,00","12.107.528,00",,,2025-01-31-Volume%20Giornaliero%20potabile.pdf
8,PRIZZI,ENEL,"638,00","9.250.000,00","629,69","2.427.361,96","927.361,96",,,2025-01-31-Volume%20Giornaliero%20potabile.pdf
,RAGOLETO,BIORAFFINERIE,,,,,,,,2025-01-31-Volume%20Giornaliero%20potabile.pdf
9,,,"326,00","17.160.198,00","311,56","5.449.116,00","1.948.828,00",,,2025-01-31-Volume%20Giornaliero%20potabile.pdf
,(Dirillo),DI GELA,,,,,,,,2025-01-31-Volume%20Giornaliero%20potabile.pdf
10,ROSAMARINA,DRAR,"164,00","73.034.250,00","140,68","14.376.377,00","5.456.790,00",,,2025-01-31-Volume%20Giornaliero%20potabile.pdf
11 SANTA ROSALIA,,DRAR,"378,05","21.080.000,00","364,65","7.829.103,00","2.822.547,00",,,2025-01-31-Volume%20Giornaliero%20potabile.pdf
12,SCANZANO,DRAR,"517,00","7.312.775,00","515,30","5.860.806,00","4.832.216,00",,,2025-01-31-Volume%20Giornaliero%20potabile.pdf
,,,TOTALE,"360.890.723,00",/,"105.986.361,07","62.560.209,07",,,2025-01-31-Volume%20Giornaliero%20potabile.pdf
